slug,title,count,sample
otkrytki-sestre-s-dnem-rozhdeniya,Открытки сестре с Днем Рождения,100,https://i.lifemoon.ru/obs/pisc/1.jpg
otkrytki-bratu-s-dnem-rozhdeniya,Открытки брату с Днем Рождения,100,https://i.lifemoon.ru/obs/pisc/101.jpg
otkrytki-mame-s-dnem-rozhdeniya,Открытки маме с Днем Рождения,99,https://i.lifemoon.ru/obs/pisc/201.jpg
otkrytki-pape-s-dnem-rozhdeniya,Открытки папе с Днем Рождения,100,https://i.lifemoon.ru/obs/pisc/300.jpg
otkrytki-dochke-s-dnem-rozhdeniya,Открытки дочке с Днем Рождения,100,https://i.lifemoon.ru/obs/pisc/400.jpg
otkrytki-synu-s-dnem-rozhdeniya,Открытки сыну с Днем Рождения,120,https://i.lifemoon.ru/obs/pisc/500.jpg
otkrytki-plemyannitse-s-dnem-rozhdeniya,Открытки племяннице с Днем Рождения,99,https://i.lifemoon.ru/obs/pisc/620.jpg
otkrytki-plemyanniku-s-dnem-rozhdeniya,Открытки племяннику с Днем Рождения,100,https://i.lifemoon.ru/obs/pisc/719.jpg
otkrytki-tesche-s-dnem-rozhdeniya,Открытки теще с Днем Рождения,40,https://i.lifemoon.ru/obs/pisc/819.jpg
otkrytki-testyu-s-dnem-rozhdeniya,Открытки тестю с Днем Рождения,50,https://i.lifemoon.ru/obs/pisc/859.jpg
otkrytki-vnuchke-s-dnem-rozhdeniya,Открытки внучке с Днем Рождения,91,https://i.lifemoon.ru/obs/pisc/909.jpg
otkrytki-vnuku-s-dnem-rozhdeniya,Открытки внуку с Днем Рождения,100,https://i.lifemoon.ru/obs/pisc/1000.jpg
otkrytki-tete-s-dnem-rozhdeniya,Открытки тете с Днем Рождения,100,https://i.lifemoon.ru/obs/pisc/1100.jpg
otkrytki-dyade-s-dnem-rozhdeniya,Открытки дяде с Днем Рождения,100,https://i.lifemoon.ru/obs/pisc/1200.jpg
otkrytki-zhene-s-dnem-rozhdeniya,Открытки жене с Днем Рождения,100,https://i.lifemoon.ru/obs/pisc/1300.jpg
otkrytki-muzhu-s-dnem-rozhdeniya,Открытки мужу с Днем Рождения,100,https://i.lifemoon.ru/obs/pisc/1400.jpg
otkrytki-svekrovi-s-dnem-rozhdeniya,Открытки свекрови с Днем Рождения,100,https://i.lifemoon.ru/obs/pisc/1500.jpg
otkrytki-svekru-s-dnem-rozhdeniya,Открытки свекру с Днем Рождения,75,https://i.lifemoon.ru/obs/pisc/1600.jpg
otkrytki-nevestke-s-dnem-rozhdeniya,Открытки невестке с Днем Рождения,40,https://i.lifemoon.ru/obs/pisc/1675.jpg
otkrytki-zyatyu-s-dnem-rozhdeniya,Открытки зятю с Днем Рождения,40,https://i.lifemoon.ru/obs/pisc/1715.jpg
otkrytki-lyubimoi-zhenschine-s-dnem-rozhdeniya,Открытки любимой женщине с Днем Рождения,60,https://i.lifemoon.ru/obs/pisc/1755.jpg
otkrytki-lyubimomu-muzhchine-s-dnem-rozhdeniya,Открытки любимому мужчине с Днем Рождения,50,https://i.lifemoon.ru/obs/pisc/1815.jpg
otkrytki-babushke-s-dnem-rozhdeniya,Открытки бабушке с Днем Рождения,100,https://i.lifemoon.ru/obs/pisc/1865.jpg
otkrytki-dedushke-s-dnem-rozhdeniya,Открытки дедушке с Днем Рождения,100,https://i.lifemoon.ru/obs/pisc/1965.jpg
otkrytki-krestniku-s-dnem-rozhdeniya,Открытки крестнику с Днем Рождения,80,https://i.lifemoon.ru/obs/pisc/2065.jpg
otkrytki-krestnitse-s-dnem-rozhdeniya,Открытки крестнице с Днем Рождения,89,https://i.lifemoon.ru/obs/pisc/2145.jpg
otkrytki-kumu-s-dnem-rozhdeniya,Открытки куму с Днем Рождения,49,https://i.lifemoon.ru/obs/pisc/2234.jpg
otkrytki-kume-s-dnem-rozhdeniya,Открытки куме с Днем Рождения,50,https://i.lifemoon.ru/obs/pisc/2283.jpg
otkrytki-krestnoi-s-dnem-rozhdeniya,Открытки крестной с Днем Рождения,50,https://i.lifemoon.ru/obs/pisc/2333.jpg
otkrytki-krestnomu-s-dnem-rozhdeniya,Открытки крестному с Днем Рождения,50,https://i.lifemoon.ru/obs/pisc/2383.jpg
otkrytki-svatu-s-dnem-rozhdeniya,Открытки свату с Днем Рождения,50,https://i.lifemoon.ru/obs/pisc/2433.jpg
otkrytki-svate-s-dnem-rozhdeniya,Открытки сватье с Днем Рождения,50,https://i.lifemoon.ru/obs/pisc/2483.jpg
otkrytki-s-dnem-rozhdeniya-1-godik-malchiku-devochke,Открытки с Днем Рождения 1 годик мальчику/девочке,149,https://i.lifemoon.ru/obs/pisc/2533.jpg
otkrytki-s-dnem-rozhdeniya-2-goda-malchiku-devochke,Открытки с Днем Рождения 2 года мальчику/девочке,110,https://i.lifemoon.ru/obs/pisc/2682.jpg
otkrytki-s-dnem-rozhdeniya-3-goda-malchiku-devochke,Открытки с Днем Рождения 3 года мальчику/девочке,100,https://i.lifemoon.ru/obs/pisc/2792.jpg
otkrytki-s-dnem-rozhdeniya-4-goda-malchiku-devochke,Открытки с Днем Рождения 4 года мальчику/девочке,100,https://i.lifemoon.ru/obs/pisc/2892.jpg
otkrytki-s-dnem-rozhdeniya-5-let-malchiku-devochke,Открытки с Днем Рождения 5 лет мальчику/девочке,100,https://i.lifemoon.ru/obs/pisc/2992.jpg
otkrytki-s-dnem-rozhdeniya-6-let-malchiku-devochke,Открытки с Днем Рождения 6 лет мальчику/девочке,100,https://i.lifemoon.ru/obs/pisc/3092.jpg
otkrytki-s-dnem-rozhdeniya-7-let-malchiku-devochke,Открытки с Днем Рождения 7 лет мальчику/девочке,80,https://i.lifemoon.ru/obs/pisc/3192.jpg
otkrytki-s-dnem-rozhdeniya-8-let-malchiku-devochke,Открытки с Днем Рождения 8 лет мальчику/девочке,80,https://i.lifemoon.ru/obs/pisc/3272.jpg
otkrytki-s-dnem-rozhdeniya-9-let-malchiku-devochke,Открытки с Днем Рождения 9 лет мальчику/девочке,80,https://i.lifemoon.ru/obs/pisc/3352.jpg
otkrytki-s-dnem-rozhdeniya-10-let,Открытки с Днем Рождения 10 лет,80,https://i.lifemoon.ru/obs/pisc/3432.jpg
otkrytki-s-dnem-rozhdeniya-11-let-malchiku-devochke,Открытки с Днем Рождения 11 лет мальчику/девочке,80,https://i.lifemoon.ru/obs/pisc/3512.jpg
otkrytki-s-dnem-rozhdeniya-12-let-malchiku-devochke,Открытки с Днем Рождения 12 лет мальчику/девочке,80,https://i.lifemoon.ru/obs/pisc/3592.jpg
otkrytki-s-dnem-rozhdeniya-13-let-malchiku-devochke,Открытки с Днем Рождения 13 лет мальчику/девочке,80,https://i.lifemoon.ru/obs/pisc/3672.jpg
otkrytki-s-dnem-rozhdeniya-14-let-malchiku-devochke,Открытки с Днем Рождения 14 лет мальчику/девочке,80,https://i.lifemoon.ru/obs/pisc/3752.jpg
otkrytki-s-dnem-rozhdeniya-15-let-malchiku-devochke,Открытки с Днем Рождения 15 лет мальчику/девочке,80,https://i.lifemoon.ru/obs/pisc/3832.jpg
otkrytki-s-dnem-rozhdeniya-16-let-malchiku-devochke,Открытки с Днем Рождения 16 лет мальчику/девочке,80,https://i.lifemoon.ru/obs/pisc/3912.jpg
otkrytki-s-dnem-rozhdeniya-17-let-malchiku-devochke,Открытки с Днем Рождения 17 лет мальчику/девочке,80,https://i.lifemoon.ru/obs/pisc/3992.jpg
otkrytki-s-dnem-rozhdeniya-18-let-parnyu-devushke,Открытки с Днем Рождения 18 лет парню/девушке,110,https://i.lifemoon.ru/obs/pisc/4072.jpg
otkrytki-s-dnem-rozhdeniya-19-let-parnyu-devushke,Открытки с Днем Рождения 19 лет парню/девушке,50,https://i.lifemoon.ru/obs/pisc/4182.jpg
otkrytki-s-dnem-rozhdeniya-20-let-parnyu-devushke,Открытки с Днем Рождения 20 лет парню/девушке,80,https://i.lifemoon.ru/obs/pisc/4232.jpg
otkrytki-s-dnem-rozhdeniya-21-god-parnyu-devushke,Открытки с Днем Рождения 21 год парню/девушке,50,https://i.lifemoon.ru/obs/pisc/4312.jpg
otkrytki-s-dnem-rozhdeniya-22-goda-parnyu-devushke,Открытки с Днем Рождения 22 года парню/девушке,40,https://i.lifemoon.ru/obs/pisc/4362.jpg
otkrytki-s-dnem-rozhdeniya-23-goda-parnyu-devushke,Открытки с Днем Рождения 23 года парню/девушке,30,https://i.lifemoon.ru/obs/pisc/4402.jpg
otkrytki-s-dnem-rozhdeniya-24-goda-parnyu-devushke,Открытки с Днем Рождения 24 года парню/девушке,40,https://i.lifemoon.ru/obs/pisc/4432.jpg
otkrytki-s-dnem-rozhdeniya-25-let-parnyu-devushke,Открытки с Днем Рождения 25 лет парню/девушке,80,https://i.lifemoon.ru/obs/pisc/4472.jpg
otkrytki-s-dnem-rozhdeniya-30-let-muzhchine-zhenschine,Открытки с Днем Рождения 30 лет мужчине/женщине,80,https://i.lifemoon.ru/obs/pisc/4552.jpg
otkrytki-s-dnem-rozhdeniya-33-goda-muzhchine-zhenschine,Открытки с Днем Рождения 33 года мужчине/женщине,40,https://i.lifemoon.ru/obs/pisc/4632.jpg
otkrytki-s-dnem-rozhdeniya-35-let-muzhchine-zhenschine,Открытки с Днем Рождения 35 лет мужчине/женщине,80,https://i.lifemoon.ru/obs/pisc/4672.jpg
otkrytki-s-dnem-rozhdeniya-40-let-muzhchine-zhenschine,Открытки с Днем Рождения 40 лет мужчине/женщине,80,https://i.lifemoon.ru/obs/pisc/4752.jpg
otkrytki-s-dnem-rozhdeniya-45-let-muzhchine-zhenschine,Открытки с Днем Рождения 45 лет мужчине/женщине,80,https://i.lifemoon.ru/obs/pisc/4832.jpg
otkrytki-s-dnem-rozhdeniya-50-let-muzhchine-zhenschine,Открытки с Днем Рождения 50 лет мужчине/женщине,100,https://i.lifemoon.ru/obs/pisc/4912.jpg
otkrytki-s-dnem-rozhdeniya-55-let-muzhchine-zhenschine,Открытки с Днем Рождения 55 лет мужчине/женщине,80,https://i.lifemoon.ru/obs/pisc/5012.jpg
otkrytki-s-dnem-rozhdeniya-60-let-muzhchine-zhenschine,Открытки с Днем Рождения 60 лет мужчине/женщине,80,https://i.lifemoon.ru/obs/pisc/5092.jpg
otkrytki-s-dnem-rozhdeniya-65-let-muzhchine-zhenschine,Открытки с Днем Рождения 65 лет мужчине/женщине,75,https://i.lifemoon.ru/obs/pisc/5172.jpg
otkrytki-s-dnem-rozhdeniya-70-let-muzhchine-zhenschine,Открытки с Днем Рождения 70 лет мужчине/женщине,85,https://i.lifemoon.ru/obs/pisc/5247.jpg
otkrytki-s-dnem-rozhdeniya-75-let-muzhchine-zhenschine,Открытки с Днем Рождения 75 лет мужчине/женщине,30,https://i.lifemoon.ru/obs/pisc/5332.jpg
otkrytki-s-dnem-rozhdeniya-80-let-muzhchine-zhenschine,Открытки с Днем Рождения 80 лет мужчине/женщине,50,https://i.lifemoon.ru/obs/pisc/5362.jpg
animatsionnye-otkrytki-ko-dnyu-rozhdeniya,Анимационные открытки ко Дню Рождения,40,https://i.lifemoon.ru/obs/pisc/5412.gif
mertsayuschie-otkrytki-muzhchine-s-dnem-rozhdeniya,Мерцающие открытки мужчине с Днем Рождения,40,https://i.lifemoon.ru/obs/pisc/5452.gif
mertsayuschie-otkrytki-zhenschine-s-dnem-rozhdeniya,Мерцающие открытки женщине с Днем Рождения,40,https://i.lifemoon.ru/obs/pisc/5492.gif
mertsayuschie-otkrytki-s-tsvetami-s-dnem-rozhdeniya,Мерцающие открытки с цветами с Днем Рождения,40,https://i.lifemoon.ru/obs/pisc/5532.gif
prikolnye-mertsayuschie-otkrytki-s-dnem-rozhdeniya,Прикольные мерцающие открытки с Днем Рождения,40,https://i.lifemoon.ru/obs/pisc/5572.gif
mertsayuschie-otkrytki-devushke-s-dnem-rozhdeniya,Мерцающие открытки девушке с Днем Рождения,40,https://i.lifemoon.ru/obs/pisc/5612.gif
mertsayuschie-otkrytki-podruge-s-dnem-rozhdeniya,Мерцающие открытки подруге с Днем Рождения,40,https://i.lifemoon.ru/obs/pisc/5652.gif
mertsayuschie-otkrytki-devochke-s-dnem-rozhdeniya,Мерцающие открытки девочке с Днем Рождения,40,https://i.lifemoon.ru/obs/pisc/5692.gif
animatsiya-s-dnem-rozhdeniya--gif-mertsayuschie,"Анимация с Днем Рождения gif, мерцающие",40,https://i.lifemoon.ru/obs/pisc/5732.gif
mertsayuschie-otkrytki-s-pozhelaniyami-s-dnem-rozhdeniya,Мерцающие открытки с пожеланиями с днем рождения,40,https://i.lifemoon.ru/obs/pisc/5772.gif
krasivye-mertsayuschie-otkrytki-s-dnem-rozhdeniya,Красивые мерцающие открытки с Днем Рождения,40,https://i.lifemoon.ru/obs/pisc/5812.gif
otkrytki-molodoi-zhenschine-s-dnem-rozhdeniya,Открытки молодой женщине с Днем рождения,50,https://i.lifemoon.ru/obs/pisc/7805.jpg
otkrytki-pozhiloi-zhenschine-s-dnem-rozhdeniya,Открытки пожилой женщине с Днем рождения,50,https://i.lifemoon.ru/obs/pisc/7855.jpg
otkrytki-nachalnitse-s-dnem-rozhdeniya,Открытки начальнице с Днем Рождения,80,https://i.lifemoon.ru/obs/pisc/7905.jpg
otkrytki-kollege-zhenschine-na-den-rozhdeniya,Открытки коллеге женщине на День Рождения,100,https://i.lifemoon.ru/obs/pisc/7985.jpg
otkrytki-devochke-s-dnem-rozhdeniya,Открытки девочке с Днем Рождения,100,https://i.lifemoon.ru/obs/pisc/8085.jpg
otkrytki-zhenschine-s-yubileem-20-30-40-50-60-let,"Открытки женщине с юбилеем - 20, 30, 40, 50, 60 лет",50,https://i.lifemoon.ru/obs/pisc/8185.jpg
otkrytka-s-dnem-rozhdeniya-moya-dorogaya-i-rodnaya,"Открытка с Днем Рождения, моя дорогая и родная",80,https://i.lifemoon.ru/obs/pisc/8235.jpg
detskie-otkrytki-s-dnem-rozhdeniya,Детские открытки с Днем Рождения,100,https://i.lifemoon.ru/obs/pisc/8315.jpg
otkrytki-rebenku-s-dnem-rozhdeniya,Открытки ребенку с Днем Рождения,100,https://i.lifemoon.ru/obs/pisc/8415.jpg
otkrytki-s-dnem-rozhdeniya-podrostku,Открытки с Днем Рождения подростку,100,https://i.lifemoon.ru/obs/pisc/8515.jpg
otkrytki-roditelyam-s-dnem-rozhdeniya,Открытки родителям с Днем Рождения,50,https://i.lifemoon.ru/obs/pisc/8615.jpg
otkrytki-s-dnem-rozhdeniya-pozhilym,Открытки с Днем Рождения пожилым,100,https://i.lifemoon.ru/obs/pisc/8665.jpg
otkrytki-rodstvenniku-s-dnem-rozhdeniya,Открытки родственнику с Днем Рождения,60,https://i.lifemoon.ru/obs/pisc/8765.jpg
otkrytki-mame-s-dnem-rozhdeniya-dochki,Открытки маме с Днем рождения дочки,60,https://i.lifemoon.ru/obs/pisc/8825.jpg
otkrytki-mame-s-dnem-rozhdeniya-syna,Открытки маме с Днем рождения сына,60,https://i.lifemoon.ru/obs/pisc/8885.jpg
otkrytki-s-dnem-rozhdeniya-s-krasivymi-stihami,Открытки с Днем Рождения с красивыми стихами,150,https://i.lifemoon.ru/obs/pisc/8945.jpg
otkrytki-sebe-s-dnem-rozhdeniya-samomu,"Открытки себе с Днем Рождения, самому",40,https://i.lifemoon.ru/obs/pisc/9095.jpg
otkrytki-s-dnem-rozhdeniya-bez-teksta,Открытки с Днем Рождения без текста,100,https://i.lifemoon.ru/obs/pisc/9135.jpg
otkrytki-s-dnem-rozhdeniya-dlya-vatsap,Открытки с Днем Рождения для Ватсап,50,https://i.lifemoon.ru/obs/pisc/9235.jpg
otkrytki-s-dnem-rozhdeniya-na-telefon,Открытки с Днем Рождения на телефон,50,https://i.lifemoon.ru/obs/pisc/9285.jpg
otkrytki-s-dnem-rozhdeniya-s-zhivotnymi,Открытки с Днем Рождения с животными,50,https://i.lifemoon.ru/obs/pisc/9335.jpg
otkrytki-s-dnem-rozhdeniya-na-angliiskom-yazyke,Открытки с Днем Рождения на английском языке,100,https://i.lifemoon.ru/obs/pisc/9385.jpg
otkrytki-uchitelnitse-s-dnem-rozhdeniya,Открытки учительнице с Днем Рождения,50,https://i.lifemoon.ru/obs/pisc/9485.jpg
otkrytki-s-dnem-rozhdeniya-voditelyu-i-avtomobilistu,Открытки с Днем Рождения водителю и автомобилисту,50,https://i.lifemoon.ru/obs/pisc/9535.jpg
otkrytki-rybaku-s-dnem-rozhdeniya,Открытки рыбаку с Днем Рождения,65,https://i.lifemoon.ru/obs/pisc/9585.jpg
otkrytki-ohotniku-s-dnem-rozhdeniya,Открытки охотнику с Днем Рождения,50,https://i.lifemoon.ru/obs/pisc/9650.jpg
otkrytki-voennomu-s-dnem-rozhdeniya,Открытки военному с Днем Рождения,65,https://i.lifemoon.ru/obs/pisc/9700.jpg
otkrytki-vospitatelyu-s-dnem-rozhdeniya,Открытки воспитателю с Днем Рождения,55,https://i.lifemoon.ru/obs/pisc/9765.jpg
otkrytki-sportsmenu-s-dnem-rozhdeniya,Открытки спортсмену с Днем Рождения,60,https://i.lifemoon.ru/obs/pisc/9820.jpg
otkrytki-dachniku-s-dnem-rozhdeniya,Открытки дачнику с Днем Рождения,50,https://i.lifemoon.ru/obs/pisc/9880.jpg
otkrytki-s-tortom-na-den-rozhdeniya,Открытки с тортом на День Рождения,50,https://i.lifemoon.ru/obs/pisc/9930.jpg
otkrytki-s-dnem-rozhdeniya-s-sharikami,Открытки с Днем Рождения с шариками,50,https://i.lifemoon.ru/obs/pisc/9980.jpg
otkrytki-s-medvedem-na-den-rozhdeniya,Открытки с медведем на День Рождения,50,https://i.lifemoon.ru/obs/pisc/10030.jpg
otkrytki-s-zaitsem-s-dnem-rozhdeniya,Открытки с зайцем с Днем Рождения,80,https://i.lifemoon.ru/obs/pisc/10080.jpg
otkrytki-s-karlsonom-na-den-rozhdeniya,Открытки с Карлсоном на День Рождения,40,https://i.lifemoon.ru/obs/pisc/10160.jpg
ofitsialnye-otkrytki-s-dnem-rozhdeniya,Официальные открытки с Днем Рождения,80,https://i.lifemoon.ru/obs/pisc/10200.jpg
trogatelnye-otkrytki-s-dnem-rozhdeniya,Трогательные открытки с Днем Рождения,50,https://i.lifemoon.ru/obs/pisc/10280.jpg
besplatnye-otkrytki-s-dnem-rozhdeniya,Бесплатные открытки с Днем Рождения,100,https://i.lifemoon.ru/obs/pisc/10330.jpg
otkrytki-s-dnem-rozhdeniya-s-pozhelaniem-zdorovya,Открытки с Днем Рождения с пожеланием здоровья,100,https://i.lifemoon.ru/obs/pisc/10430.jpg
pravoslavnye-otkrytki-s-dnem-rozhdeniya,Православные открытки с Днем Рождения,100,https://i.lifemoon.ru/obs/pisc/10530.jpg
kavkazskie-otkrytki-s-dnem-rozhdeniya,Кавказские открытки с Днем Рождения,30,https://i.lifemoon.ru/obs/pisc/10630.jpg
sovetskie-otkrytki-s-dnem-rozhdeniya-zhenschine-muzhchine,"Советские открытки с Днем Рождения - женщине, мужчине",100,https://i.lifemoon.ru/obs/pisc/10660.jpg
retro-otkrytki-s-dnem-rozhdeniya,Ретро открытки с Днем Рождения,50,https://i.lifemoon.ru/obs/pisc/10760.jpg
memy-s-dnem-rozhdeniya,Мемы с Днем Рождения,99,https://i.lifemoon.ru/obs/pisc/10810.jpg
zimnie-otkrytki-s-dnem-rozhdeniya-dekabrya-yanvarya-fevralya,"Зимние открытки с Днем Рождения - декабря, января, февраля",50,https://i.lifemoon.ru/obs/pisc/10909.jpg
vesennie-otkrytki-s-dnem-rozhdeniya-marta-aprelya-maya,"Весенние открытки с Днем Рождения - марта, апреля, мая",50,https://i.lifemoon.ru/obs/pisc/10959.jpg
letnie-otkrytki-s-dnem-rozhdeniya-iyunya-iyulya-avgusta,"Летние открытки с Днем Рождения - июня, июля, августа",30,https://i.lifemoon.ru/obs/pisc/11009.jpg
osennie-otkrytki-s-dnem-rozhdeniya-sentyabrya-oktyabrya-noyabrya,"Осенние открытки с Днем Рождения - сентября, октября, ноября",50,https://i.lifemoon.ru/obs/pisc/11039.jpg
otkrytki-s-novorozhdennym,Открытки с новорожденным,50,https://i.lifemoon.ru/obs/pisc/11089.jpg
otkrytki-s-rozhdeniem-rebenka,Открытки с рождением ребенка,50,https://i.lifemoon.ru/obs/pisc/11139.jpg
otkrytki-s-rozhdeniem-malchika,Открытки с рождением мальчика,75,https://i.lifemoon.ru/obs/pisc/11189.jpg
otkrytki-s-rozhdeniem-devochki,Открытки с рождением девочки,75,https://i.lifemoon.ru/obs/pisc/11264.jpg
otkrytki-s-rozhdeniem-syna,Открытки с рождением сына,75,https://i.lifemoon.ru/obs/pisc/11339.jpg
otkrytki-s-rozhdeniem-dochki,Открытки с рождением дочки,75,https://i.lifemoon.ru/obs/pisc/11414.jpg
otkrytki-s-proshedshim-dnem-rozhdeniya-s-opozdaniem,"Открытки с прошедшим Днем Рождения, с опозданием",80,https://i.lifemoon.ru/obs/pisc/11489.jpg
otkrytki-s-tsvetami-s-dnem-rozhdeniya,Открытки с цветами с Днем Рождения,99,https://i.lifemoon.ru/obs/pisc/11569.jpg
otkrytki-s-tsvetami-zhenschine-s-dnem-rozhdeniya,Открытки с цветами женщине с Днем Рождения,50,https://i.lifemoon.ru/obs/pisc/11668.jpg
otkrytki-s-tsvetami-podruge-s-dnem-rozhdeniya,Открытки с цветами подруге с Днем Рождения,50,https://i.lifemoon.ru/obs/pisc/11718.jpg
otkrytki-s-tsvetami-devushke-s-dnem-rozhdeniya,Открытки с цветами девушке с Днем Рождения,50,https://i.lifemoon.ru/obs/pisc/11768.jpg
otkrytki-s-tsvetami-mame-s-dnem-rozhdeniya,Открытки с цветами маме с Днем Рождения,50,https://i.lifemoon.ru/obs/pisc/11818.jpg
otkrytki-s-tsvetami-sestre-s-dnem-rozhdeniya,Открытки с цветами сестре с Днем Рождения,50,https://i.lifemoon.ru/obs/pisc/11868.jpg
otkrytki-s-tsvetami-dochke-s-dnem-rozhdeniya,Открытки с цветами дочке с Днем Рождения,50,https://i.lifemoon.ru/obs/pisc/11918.jpg
otkrytki-s-tsvetami-muzhchine-na-den-rozhdeniya,Открытки с цветами мужчине на День Рождения,50,https://i.lifemoon.ru/obs/pisc/11968.jpg
otkrytki-s-rozami-na-den-rozhdeniya,Открытки с розами на День Рождения,40,https://i.lifemoon.ru/obs/pisc/12018.jpg
otkrytki-s-buketom-roz-s-dnem-rozhdeniya,Открытки с букетом роз с Днем Рождения,40,https://i.lifemoon.ru/obs/pisc/12058.jpg
otkrytki-s-krasnymi-rozami-s-dnem-rozhdeniya,Открытки с красными розами с Днем Рождения,38,https://i.lifemoon.ru/obs/pisc/12098.jpg
otkrytki-s-zheltymi-rozami-s-dnem-rozhdeniya,Открытки с желтыми розами с Днем Рождения,30,https://i.lifemoon.ru/obs/pisc/12136.jpg
otkrytki-s-belymi-rozami-s-dnem-rozhdeniya,Открытки с белыми розами с Днем Рождения,30,https://i.lifemoon.ru/obs/pisc/12166.jpg
otkrytki-s-pionami-na-den-rozhdeniya,Открытки с пионами на День Рождения,30,https://i.lifemoon.ru/obs/pisc/12196.jpg
otkrytki-s-sirenyu-na-den-rozhdeniya,Открытки с сиренью на День Рождения,30,https://i.lifemoon.ru/obs/pisc/12226.jpg
otkrytki-s-tyulpanami-s-dnem-rozhdeniya,Открытки с тюльпанами с Днем Рождения,50,https://i.lifemoon.ru/obs/pisc/12256.jpg
otkrytki-s-hrizantemami-s-dnem-rozhdeniya,Открытки с хризантемами с Днем Рождения,30,https://i.lifemoon.ru/obs/pisc/12306.jpg
otkrytki-s-romashkami-s-dnem-rozhdeniya,Открытки с ромашками с Днем Рождения,35,https://i.lifemoon.ru/obs/pisc/12336.jpg
otkrytki-s-astrami-s-dnem-rozhdeniya,Открытки с астрами с Днем Рождения,20,https://i.lifemoon.ru/obs/pisc/12371.jpg
otkrytki-s-liliyami-s-dnem-rozhdeniya,Открытки с лилиями с Днем Рождения,40,https://i.lifemoon.ru/obs/pisc/12391.jpg
otkrytki-s-polevymi-tsvetami-na-den-rozhdeniya,Открытки с полевыми цветами на День Рождения,35,https://i.lifemoon.ru/obs/pisc/12431.jpg
otkrytki-s-letnimi-tsvetami-na-den-rozhdeniya,Открытки с летними цветами на День Рождения,40,https://i.lifemoon.ru/obs/pisc/12466.jpg
otkrytki-alevtine-s-dnem-rozhdeniya,Открытки Алевтине с Днем Рождения,20,https://i.lifemoon.ru/obs/pisc/12506.jpg
otkrytki-aleksandre-s-dnem-rozhdeniya,Открытки Александре с Днем Рождения,50,https://i.lifemoon.ru/obs/pisc/12526.jpg
otkrytki-aline-s-dnem-rozhdeniya,Открытки Алине с Днем Рождения,30,https://i.lifemoon.ru/obs/pisc/12576.jpg
otkrytki-alise-s-dnem-rozhdeniya,Открытки Алисе с Днем Рождения,50,https://i.lifemoon.ru/obs/pisc/12606.jpg
otkrytki-alle-s-dnem-rozhdeniya,Открытки Алле с Днем Рождения,70,https://i.lifemoon.ru/obs/pisc/12656.jpg
otkrytki-albine-s-dnem-rozhdeniya,Открытки Альбине с Днем Рождения,30,https://i.lifemoon.ru/obs/pisc/12726.jpg
otkrytki-anastasii-s-dnem-rozhdeniya,Открытки Анастасии с Днем Рождения,80,https://i.lifemoon.ru/obs/pisc/12756.jpg
otkrytki-anzhelike-s-dnem-rozhdeniya,Открытки Анжелике с Днем Рождения,30,https://i.lifemoon.ru/obs/pisc/12836.jpg
otkrytki-anne-s-dnem-rozhdeniya,Открытки Анне с Днем Рождения,80,https://i.lifemoon.ru/obs/pisc/12866.jpg
otkrytki-antonine-s-dnem-rozhdeniya,Открытки Антонине с Днем Рождения,50,https://i.lifemoon.ru/obs/pisc/12946.jpg
otkrytki-valentine-s-dnem-rozhdeniya,Открытки Валентине с Днем Рождения,50,https://i.lifemoon.ru/obs/pisc/12996.jpg
otkrytki-lilii-s-dnem-rozhdeniya,Открытки Лилии с Днем Рождения,35,https://i.lifemoon.ru/obs/pisc/14269.jpg
otkrytki-lyube-s-dnem-rozhdeniya,Открытки Любе с Днем Рождения,90,https://i.lifemoon.ru/obs/pisc/14304.jpg
otkrytki-lyudmile-s-dnem-rozhdeniya,Открытки Людмиле с Днем Рождения,80,https://i.lifemoon.ru/obs/pisc/14394.jpg
otkrytki-margarite-s-dnem-rozhdeniya,Открытки Маргарите с Днем Рождения,30,https://i.lifemoon.ru/obs/pisc/14474.jpg
otkrytki-marine-s-dnem-rozhdeniya,Открытки Марине с Днем Рождения,80,https://i.lifemoon.ru/obs/pisc/14504.jpg
otkrytki-marii-s-dnem-rozhdeniya,Открытки Марии с Днем Рождения,70,https://i.lifemoon.ru/obs/pisc/14584.jpg
otkrytki-nadezhde-s-dnem-rozhdeniya,Открытки Надежде с Днем Рождения,75,https://i.lifemoon.ru/obs/pisc/14654.jpg
otkrytki-natale-s-dnem-rozhdeniya,Открытки Наталье с Днем Рождения,100,https://i.lifemoon.ru/obs/pisc/14729.jpg
otkrytki-nelli-s-dnem-rozhdeniya,Открытки Нелли с Днем Рождения,20,https://i.lifemoon.ru/obs/pisc/14829.jpg
otkrytki-nine-s-dnem-rozhdeniya,Открытки Нине с Днем Рождения,90,https://i.lifemoon.ru/obs/pisc/14849.jpg
otkrytki-vadimu-s-dnem-rozhdeniya,Открытки Вадиму с Днем Рождения,50,https://i.lifemoon.ru/obs/pisc/17068.jpg
otkrytki-viktoru-s-dnem-rozhdeniya,Открытки Виктору с Днем Рождения,70,https://i.lifemoon.ru/obs/pisc/17118.jpg
otkrytki-vladimiru-s-dnem-rozhdeniya,Открытки Владимиру с Днем Рождения,90,https://i.lifemoon.ru/obs/pisc/17188.jpg
otkrytki-vyacheslavu-s-dnem-rozhdeniya,Открытки Вячеславу с Днем Рождения,50,https://i.lifemoon.ru/obs/pisc/17278.jpg
otkrytki-gennadiyu-s-dnem-rozhdeniya,Открытки Геннадию с Днем Рождения,50,https://i.lifemoon.ru/obs/pisc/17328.jpg
otkrytki-denisu-s-dnem-rozhdeniya,Открытки Денису с Днем Рождения,50,https://i.lifemoon.ru/obs/pisc/17378.jpg
otkrytki-dmitriyu-s-dnem-rozhdeniya,Открытки Дмитрию с Днем Рождения,50,https://i.lifemoon.ru/obs/pisc/17428.jpg
otkrytki-evgeniyu-s-dnem-rozhdeniya,Открытки Евгению с Днем Рождения,50,https://i.lifemoon.ru/obs/pisc/17478.jpg
otkrytki-ivanu-s-dnem-rozhdeniya,Открытки Ивану с Днем Рождения,50,https://i.lifemoon.ru/obs/pisc/17528.jpg
otkrytki-igoryu-s-dnem-rozhdeniya,Открытки Игорю с Днем Рождения,50,https://i.lifemoon.ru/obs/pisc/17578.jpg
otkrytki-ile-s-dnem-rozhdeniya,Открытки Илье с Днем Рождения,40,https://i.lifemoon.ru/obs/pisc/17628.jpg
otkrytki-konstantinu-s-dnem-rozhdeniya,Открытки Константину с Днем Рождения,50,https://i.lifemoon.ru/obs/pisc/17668.jpg
otkrytki-leonidu-s-dnem-rozhdeniya,Открытки Леониду с Днем Рождения,50,https://i.lifemoon.ru/obs/pisc/17718.jpg
otkrytki-maksimu-s-dnem-rozhdeniya,Открытки Максиму с Днем Рождения,50,https://i.lifemoon.ru/obs/pisc/17768.jpg
otkrytki-mihailu-s-dnem-rozhdeniya,Открытки Михаилу с Днем Рождения,50,https://i.lifemoon.ru/obs/pisc/17818.jpg
otkrytki-nikolayu-s-dnem-rozhdeniya,Открытки Николаю с Днем Рождения,80,https://i.lifemoon.ru/obs/pisc/17868.jpg
otkrytki-olegu-s-dnem-rozhdeniya,Открытки Олегу с Днем Рождения,100,https://i.lifemoon.ru/obs/pisc/17948.jpg
otkrytki-pavlu-s-dnem-rozhdeniya,Открытки Павлу с Днем Рождения,50,https://i.lifemoon.ru/obs/pisc/18048.jpg
otkrytki-petru-s-dnem-rozhdeniya,Открытки Петру с Днем Рождения,50,https://i.lifemoon.ru/obs/pisc/18098.jpg
otkrytki-romanu-s-dnem-rozhdeniya,Открытки Роману с Днем Рождения,50,https://i.lifemoon.ru/obs/pisc/18148.jpg
otkrytki-sergeyu-s-dnem-rozhdeniya,Открытки Сергею с Днем Рождения,99,https://i.lifemoon.ru/obs/pisc/18198.jpg
otkrytki-fedoru-s-dnem-rozhdeniya,Открытки Федору с Днем Рождения,35,https://i.lifemoon.ru/obs/pisc/18297.jpg
otkrytki-s-dnem-svadby,Открытки с днем свадьбы,40,https://i.lifemoon.ru/obs/pisc/18332.jpg
otkrytki-so-svadboi-krasivye,Открытки со свадьбой красивые,40,https://i.lifemoon.ru/obs/pisc/18372.jpg
besplatnye-otkrytki-s-dnem-svadby,Бесплатные открытки с днем свадьбы,40,https://i.lifemoon.ru/obs/pisc/18412.jpg
otkrytki-s-pozhelaniem-svadby,Открытки с пожеланием свадьбы,30,https://i.lifemoon.ru/obs/pisc/18452.jpg
otkrytka-s-brakosochetaniem,Открытка с бракосочетанием,40,https://i.lifemoon.ru/obs/pisc/18482.jpg
prikolnye-otkrytki-na-svadbu,Прикольные открытки на свадьбу,40,https://i.lifemoon.ru/obs/pisc/18522.jpg
otkrytki-s-godovschinoi-svadby,Открытки с годовщиной свадьбы,40,https://i.lifemoon.ru/obs/pisc/18562.jpg
otkrytka-10-let-svadby,Открытка 10 лет свадьбы,40,https://i.lifemoon.ru/obs/pisc/18602.jpg
mertsayuschie-otkrytki-s-dnem-svadby,Мерцающие открытки с днем свадьбы,40,https://i.lifemoon.ru/obs/pisc/18642.gif
kartinki-i-otkrytki-s-ponedelnikom,Картинки и открытки с понедельником,0,
krasivye-kartinki-s-ponedelnikom,Красивые картинки с понедельником,40,https://i.lifemoon.ru/obs/pisc/18722.jpg
krasivye-kartinki-so-sredoi,Красивые картинки со средой,50,https://i.lifemoon.ru/obs/pisc/19081.jpg
kartinki-so-sredoi-s-nadpisyami,Картинки со средой с надписями,50,https://i.lifemoon.ru/obs/pisc/19131.jpg
kartinki-i-otkrytki-s-chetvergom,Картинки и открытки с четвергом,40,https://i.lifemoon.ru/obs/pisc/19181.jpg
krasivye-kartinki-s-chetvergom,Красивые картинки с четвергом,40,https://i.lifemoon.ru/obs/pisc/19221.jpg
kartinki-s-chetvergom-s-nadpisyami,Картинки с четвергом с надписями,40,https://i.lifemoon.ru/obs/pisc/19261.jpg
kartinki-s-chetvergom,Картинки с четвергом,40,https://i.lifemoon.ru/obs/pisc/19301.jpg
kartinki-dobroi-pyatnitsy,Картинки доброй пятницы,30,https://i.lifemoon.ru/obs/pisc/19341.jpg
kartinki-prikolnye-i-veselye-s-pyatnitsei,Картинки прикольные и веселые с пятницей,30,https://i.lifemoon.ru/obs/pisc/19371.jpg
krasivye-kartinki-i-otkrytki-s-pyatnitsei,Красивые картинки и открытки с пятницей,30,https://i.lifemoon.ru/obs/pisc/19401.jpg
kartinku-s-pyatnitsei,Картинку с пятницей,30,https://i.lifemoon.ru/obs/pisc/19431.jpg
otkrytki-s-pyatnitsei-i-horoshih-vyhodnyh,Открытки с пятницей и хороших выходных,30,https://i.lifemoon.ru/obs/pisc/19461.jpg
otkrytki-na-pyatnitsu-13,Открытки на пятницу 13,50,https://i.lifemoon.ru/obs/pisc/19491.jpg
otkrytki-s-subbotoi,Открытки с субботой,40,https://i.lifemoon.ru/obs/pisc/19541.jpg
prikolnye-kartinki-s-subbotoi,Прикольные картинки с субботой,40,https://i.lifemoon.ru/obs/pisc/19581.jpg
krasivye-kartinki-s-subbotoi-vyhodnym-dnem,"Красивые картинки с субботой, выходным днем",40,https://i.lifemoon.ru/obs/pisc/19621.jpg
kartinki-horoshei-subboty,Картинки хорошей субботы,40,https://i.lifemoon.ru/obs/pisc/19661.jpg
voskresene-kartinki,Воскресенье картинки,50,https://i.lifemoon.ru/obs/pisc/19701.jpg
kartinki-s-voskresenem-krasivye,Картинки с воскресеньем красивые,50,https://i.lifemoon.ru/obs/pisc/19751.jpg
skachat-kartinku-s-voskresenem,Скачать картинку с воскресеньем,50,https://i.lifemoon.ru/obs/pisc/19801.jpg
vyhodnye-kartinki,Выходные картинки,50,https://i.lifemoon.ru/obs/pisc/19851.jpg
horoshih-vyhodnyh-kartinki,Хороших выходных картинки,50,https://i.lifemoon.ru/obs/pisc/19901.jpg
otlichnyh-vyhodnyh-kartinki,Отличных выходных картинки,50,https://i.lifemoon.ru/obs/pisc/19951.jpg
dobryh-vyhodnyh-otkrytki,Добрых выходных открытки,50,https://i.lifemoon.ru/obs/pisc/20001.jpg
otkrytku-horoshego-dnya,Открытку хорошего дня,40,https://i.lifemoon.ru/obs/pisc/20051.jpg
prikolnye-otkrytki-horoshego-dnya,Прикольные открытки хорошего дня,40,https://i.lifemoon.ru/obs/pisc/20091.jpg
otkrytki-s-pozhelaniyami-horoshego-dnya,Открытки с пожеланиями хорошего дня,30,https://i.lifemoon.ru/obs/pisc/20131.jpg
otkrytka-zhenschine-horoshego-dnya,Открытка женщине хорошего дня,40,https://i.lifemoon.ru/obs/pisc/20161.jpg
otkrytki-muzhchine-horoshego-dnya,Открытки мужчине хорошего дня,40,https://i.lifemoon.ru/obs/pisc/20201.jpg
pravoslavnye-otkrytki-horoshego-dnya.-pust-hranit-tebya-bog!,Православные открытки хорошего дня. Пусть хранит тебя Бог!,30,https://i.lifemoon.ru/obs/pisc/20241.jpg
mertsayuschie-otkrytki-horoshego-dnya,Мерцающие открытки хорошего дня,30,https://i.lifemoon.ru/obs/pisc/20271.gif
otkrytki-horoshego-vesennego-dnya,Открытки хорошего весеннего дня,40,https://i.lifemoon.ru/obs/pisc/20301.jpg
otkrytki-horoshego-letnego-dnya,Открытки хорошего летнего дня,40,https://i.lifemoon.ru/obs/pisc/20341.jpg
otkrytki-horoshego-osennego-dnya,Открытки хорошего осеннего дня,40,https://i.lifemoon.ru/obs/pisc/20381.jpg
otkrytki-horoshego-zimnego-dnya,Открытки хорошего зимнего дня,30,https://i.lifemoon.ru/obs/pisc/20421.jpg
otkrytki-s-dobrym-yanvarskim-dnem,Открытки с добрым январским днем,49,https://i.lifemoon.ru/obs/pisc/20451.jpg
otkrytki-s-dobrym-fevralskim-dnem,Открытки с добрым февральским днем,50,https://i.lifemoon.ru/obs/pisc/20500.jpg
otkrytki-s-dobrym-martovskim-dnem,Открытки с добрым мартовским днем,50,https://i.lifemoon.ru/obs/pisc/20550.jpg
otkrytki-s-dobrym-aprelskim-dnem,Открытки с добрым апрельским днем,50,https://i.lifemoon.ru/obs/pisc/20600.jpg
otkrytki-s-dobrym-maiskim-dnem,Открытки с добрым майским днем,30,https://i.lifemoon.ru/obs/pisc/20650.jpg
otkrytki-s-dobrym-iyunskim-dnem,Открытки с добрым июньским днем,50,https://i.lifemoon.ru/obs/pisc/20680.jpg
otkrytki-s-dobrym-iyulskim-dnem,Открытки с добрым июльским днем,50,https://i.lifemoon.ru/obs/pisc/20730.jpg
otkrytki-s-dobrym-avgustovskim-dnem,Открытки с добрым августовским днем,50,https://i.lifemoon.ru/obs/pisc/20780.jpg
otkrytki-s-dobrym-sentyabrskim-dnem,Открытки с добрым сентябрьским днем,50,https://i.lifemoon.ru/obs/pisc/20830.jpg
otkrytki-s-dobrym-oktyabrskim-dnem,Открытки с добрым октябрьским днем,50,https://i.lifemoon.ru/obs/pisc/20880.jpg
otkrytki-s-dobrym-noyabrskim-dnem,Открытки с добрым ноябрьским днем,50,https://i.lifemoon.ru/obs/pisc/20930.jpg
otkrytki-s-dobrym-dekabrskim-dnem,Открытки с добрым декабрьским днем,50,https://i.lifemoon.ru/obs/pisc/20980.jpg
otkrytki-s-dnem-angela,Открытки с днем ангела,110,https://i.lifemoon.ru/obs/pisc/21030.jpg
otkrytki-s-prazdnikom,Открытки с праздником,20,https://i.lifemoon.ru/obs/pisc/21140.jpg
otkrytki-s-vyhodom-na-pensiyu,Открытки с выходом на пенсию,40,https://i.lifemoon.ru/obs/pisc/21160.jpg
otkrytki-vyzdoravlivai,Открытки выздоравливай,50,https://i.lifemoon.ru/obs/pisc/21200.jpg
otkrytki-s-pozhelaniyami-zdorovya,Открытки с пожеланиями здоровья,50,https://i.lifemoon.ru/obs/pisc/21250.jpg
otkrytka-vyzdoravlivai-skorei-i-bolshe-ne-bolei,Открытка выздоравливай скорей и больше не болей,50,https://i.lifemoon.ru/obs/pisc/21300.jpg
otkrytki-soboleznovaniya.-kartinki-pomnim-skorbim,"Открытки соболезнования. Картинки помним, скорбим",20,https://i.lifemoon.ru/obs/pisc/21350.jpg
otkrytki-s-pozhelaniyami-dobra,Открытки с пожеланиями добра,50,https://i.lifemoon.ru/obs/pisc/21370.jpg
otkrytki-s-dobrym-utrom,Открытки с добрым утром,50,https://i.lifemoon.ru/obs/pisc/21420.jpg
skachat-otkrytku-s-dobrym-utrom,Скачать открытку с добрым утром,50,https://i.lifemoon.ru/obs/pisc/21470.jpg
otkrytki-s-dobrym-utrom-besplatno,Открытки с добрым утром бесплатно,50,https://i.lifemoon.ru/obs/pisc/21520.jpg
otkrytki-s-dobrym-utrom-krasivye,Открытки с добрым утром красивые,50,https://i.lifemoon.ru/obs/pisc/21570.jpg
otkrytki-s-dobrym-utrom-s-kofe,Открытки с добрым утром с кофе,50,https://i.lifemoon.ru/obs/pisc/21620.jpg
otkrytki-s-dobrym-utrom-s-pozhelaniyami,Открытки с добрым утром с пожеланиями,50,https://i.lifemoon.ru/obs/pisc/21670.jpg
otkrytki-s-dobrym-utrom-v-stihah,Открытки с добрым утром в стихах,50,https://i.lifemoon.ru/obs/pisc/21720.jpg
prikolnye-otkrytki-s-dobrym-utrom,Прикольные открытки с добрым утром,50,https://i.lifemoon.ru/obs/pisc/21770.jpg
smeshnye-otkrytki-s-dobrym-utrom,Смешные открытки с добрым утром,50,https://i.lifemoon.ru/obs/pisc/21820.jpg
otkrytki-s-dobrom-utrom-lyubimomu-muzhchine,Открытки с добром утром любимому мужчине,20,https://i.lifemoon.ru/obs/pisc/21870.jpg
otkrytka-s-dobrym-utrom-muzhchine,Открытка с добрым утром мужчине,30,https://i.lifemoon.ru/obs/pisc/21940.jpg
otkrytka-s-dobrym-utrom-devushke,Открытка с добрым утром девушке,19,https://i.lifemoon.ru/obs/pisc/21970.jpg
otkrytki-s-dobrom-utrom-lyubimaya,Открытки с добром утром любимая,20,https://i.lifemoon.ru/obs/pisc/21989.jpg
otkrytka-s-dobrym-utrom-zhenschine,Открытка с добрым утром женщине,20,https://i.lifemoon.ru/obs/pisc/22009.jpg
detskie-otkrytki-s-dobrym-utrom,Детские открытки с добрым утром,40,https://i.lifemoon.ru/obs/pisc/22029.jpg
otkrytki-s-dobrym-utrom-druzya,Открытки с добрым утром друзья,40,https://i.lifemoon.ru/obs/pisc/22069.jpg
otkrytki-s-kotami-s-dobrym-utrom,Открытки с котами с добрым утром,50,https://i.lifemoon.ru/obs/pisc/22109.jpg
otkrytki-s-dobrym-utrom-s-zhivotnymi,Открытки с добрым утром с животными,50,https://i.lifemoon.ru/obs/pisc/22159.jpg
otkrytki-s-dobrym-utrom-s-tsvetami,Открытки с добрым утром с цветами,50,https://i.lifemoon.ru/obs/pisc/22209.jpg
otkrytki-s-dobrym-utrom-zimnie,Открытки с добрым утром зимние,90,https://i.lifemoon.ru/obs/pisc/22259.jpg
otkrytki-s-dobrym-utrom-vesennie,Открытки с добрым утром весенние,50,https://i.lifemoon.ru/obs/pisc/22349.jpg
otkrytki-s-dobrym-utrom-letnie,Открытки с добрым утром летние,50,https://i.lifemoon.ru/obs/pisc/22399.jpg
otkrytki-s-dobrym-utrom-osennie,Открытки с добрым утром осенние,50,https://i.lifemoon.ru/obs/pisc/22449.jpg
otkrytki-s-dobrym-dekabrskim-utrom,Открытки с добрым декабрьским утром,50,https://i.lifemoon.ru/obs/pisc/22499.jpg
otkrytki-s-dobrym-yanvarskim-utrom,Открытки с добрым январским утром,50,https://i.lifemoon.ru/obs/pisc/22549.jpg
otkrytki-s-dobrym-fevralskim-utrom,Открытки с добрым февральским утром,50,https://i.lifemoon.ru/obs/pisc/22599.jpg
otkrytki-s-dobrym-martovskim-utrom,Открытки с добрым мартовским утром,50,https://i.lifemoon.ru/obs/pisc/22649.jpg
otkrytki-s-dobrym-aprelskim-utrom,Открытки с добрым апрельским утром,50,https://i.lifemoon.ru/obs/pisc/22699.jpg
otkrytki-s-dobrym-maiskim-utrom,Открытки с добрым майским утром,50,https://i.lifemoon.ru/obs/pisc/22749.jpg
otkrytki-s-dobrym-iyunskim-utrom,Открытки с добрым июньским утром,50,https://i.lifemoon.ru/obs/pisc/22799.jpg
otkrytki-s-dobrym-iyulskim-utrom,Открытки с добрым июльским утром,50,https://i.lifemoon.ru/obs/pisc/22849.jpg
otkrytki-s-dobrym-avgustovskim-utrom,Открытки с добрым августовским утром,50,https://i.lifemoon.ru/obs/pisc/22899.jpg
otkrytki-s-dobrym-sentyabrskim-utrom,Открытки с добрым сентябрьским утром,50,https://i.lifemoon.ru/obs/pisc/22949.jpg
otkrytki-s-dobrym-oktyabrskim-utrom,Открытки с добрым октябрьским утром,50,https://i.lifemoon.ru/obs/pisc/22999.jpg
otkrytki-s-dobrym-noyabrskim-utrom,Открытки с добрым ноябрьским утром,50,https://i.lifemoon.ru/obs/pisc/23049.jpg
otkrytki-s-dobrym-utrom-ponedelnika,Открытки с добрым утром понедельника,26,https://i.lifemoon.ru/obs/pisc/23099.jpg
otkrytki-s-dobrym-utrom-vtornika,Открытки с добрым утром вторника,27,https://i.lifemoon.ru/obs/pisc/23125.jpg
otkrytki-s-dobrym-utrom-sredy,Открытки с добрым утром среды,16,https://i.lifemoon.ru/obs/pisc/23152.jpg
otkrytki-s-dobrym-utrom-chetverga,Открытки с добрым утром четверга,23,https://i.lifemoon.ru/obs/pisc/23168.jpg
otkrytki-s-dobrym-utrom-pyatnitsy,Открытки с добрым утром пятницы,21,https://i.lifemoon.ru/obs/pisc/23191.jpg
otkrytki-s-dobrym-utrom-subboty,Открытки с добрым утром субботы,44,https://i.lifemoon.ru/obs/pisc/23212.jpg
otkrytki-s-dobrym-utrom-voskresenya,Открытки с добрым утром воскресенья,28,https://i.lifemoon.ru/obs/pisc/23256.jpg
otkrytki-s-dobrym-utrom-prikolnye-besplatno,Открытки с добрым утром прикольные бесплатно,50,https://i.lifemoon.ru/obs/pisc/23284.jpg
otkrytki-s-dobrym-utrom-s-prirodoi,Открытки с добрым утром с природой,50,https://i.lifemoon.ru/obs/pisc/23334.jpg
otkrytki-s-dobrym-utrom-s-detmi,Открытки с добрым утром с детьми,50,https://i.lifemoon.ru/obs/pisc/23384.jpg
otkrytki-s-dobrym-i-horoshim-utrom,Открытки с добрым и хорошим утром,50,https://i.lifemoon.ru/obs/pisc/23434.jpg
otkrytki-s-dobrym-utrom-krasivye-besplatno,Открытки с добрым утром красивые бесплатно,50,https://i.lifemoon.ru/obs/pisc/23484.jpg
otkrytki-s-dobrym-utrom-i-dnem,Открытки с добрым утром и днем,50,https://i.lifemoon.ru/obs/pisc/23534.jpg
otkrytki-s-dobrym-utrom-i-nastroeniem,Открытки с добрым утром и настроением,50,https://i.lifemoon.ru/obs/pisc/23584.jpg
otkrytki-s-dobrym-utrom-novye,Открытки с добрым утром новые,50,https://i.lifemoon.ru/obs/pisc/23634.jpg
neobychnye-otkrytki-s-dobrym-utrom,Необычные открытки с добрым утром,50,https://i.lifemoon.ru/obs/pisc/23684.jpg
muzykalnye-otkrytki-s-dobrom-utrom,Музыкальные открытки с добром утром,50,https://i.lifemoon.ru/obs/pisc/23734.jpg
krasivі-kartinki-z-dobrim-rankom,Красиві картинки з добрим ранком,50,https://i.lifemoon.ru/obs/pisc/23834.jpg
otkrytki-spokoinoi-nochi,Открытки спокойной ночи,40,https://i.lifemoon.ru/obs/pisc/23884.jpg
skachat-otkrytku-spokoinoi-nochi,Скачать открытку спокойной ночи,40,https://i.lifemoon.ru/obs/pisc/23924.jpg
krasivye-otkrytki-spokoinoi-nochi,Красивые открытки спокойной ночи,80,https://i.lifemoon.ru/obs/pisc/23964.jpg
otkrytki-spokoinoi-nochi-prikolnye,Открытки спокойной ночи прикольные,40,https://i.lifemoon.ru/obs/pisc/24044.jpg
otkrytki-spokoinoi-nochi-pravoslavnye-i-hristianskie,Открытки спокойной ночи православные и христианские,40,https://i.lifemoon.ru/obs/pisc/24084.jpg
otkrytki-spokoinoi-nochi-s-prirodoi,Открытки спокойной ночи с природой,40,https://i.lifemoon.ru/obs/pisc/24124.jpg
otkrytki-podruge-spokoinoi-nochi,Открытки подруге спокойной ночи,40,https://i.lifemoon.ru/obs/pisc/24164.jpg
otkrytki-spokoinoi-nochi-lyubimaya,Открытки спокойной ночи любимая,40,https://i.lifemoon.ru/obs/pisc/24204.jpg
otkrytki-spokoinoi-nochi-zhenschine,Открытки спокойной ночи женщине,40,https://i.lifemoon.ru/obs/pisc/24244.jpg
otkrytki-spokoinoi-nochi-muzhchine,Открытки спокойной ночи мужчине,40,https://i.lifemoon.ru/obs/pisc/24284.jpg
otkrytki-spokoinoi-nochi-lyubimomu,Открытки спокойной ночи любимому,40,https://i.lifemoon.ru/obs/pisc/24324.jpg
mertsayuschie-otkrytki-spokoinoi-nochi,Мерцающие открытки спокойной ночи,40,https://i.lifemoon.ru/obs/pisc/24418.gif
gifki-spokoinoi-nochi,Гифки спокойной ночи,40,https://i.lifemoon.ru/obs/pisc/24458.gif
otkrytki-spokoinoi-nochi-sladkih-snov,Открытки спокойной ночи сладких снов,50,https://i.lifemoon.ru/obs/pisc/24498.jpg
otkrytki-spokoinoi-nochi-spokoinogo-sna,Открытки спокойной ночи спокойного сна,50,https://i.lifemoon.ru/obs/pisc/24548.jpg
smeshnye-otkrytki-spokoinoi-nochi,Смешные открытки спокойной ночи,50,https://i.lifemoon.ru/obs/pisc/24598.jpg
prikolnye-otkrytki-s-dnem-rozhdeniya,Прикольные открытки с Днем Рождения,100,https://i.lifemoon.ru/obs/pisc/24648.jpg
mertsayuschie-prikolnye-otkrytki-s-dnem-rozhdeniya,Мерцающие прикольные открытки с Днем Рождения,50,https://i.lifemoon.ru/obs/pisc/24748.gif
skachat-prikolnuyu-otkrytku-s-dnem-rozhdeniya,Скачать прикольную открытку с Днем Рождения,50,https://i.lifemoon.ru/obs/pisc/24798.jpg
otkrytki-s-dnem-rozhdeniya-s-yumorom,Открытки с Днем Рождения с юмором,100,https://i.lifemoon.ru/obs/pisc/24848.jpg
smeshnye-otkrytki-s-dnem-rozhdeniya,Смешные открытки с Днем Рождения,100,https://i.lifemoon.ru/obs/pisc/24948.jpg
otkrytki-s-dnem-rozhdeniya-prikolnye-s-pozhelaniyami,Открытки с днем рождения прикольные с пожеланиями,100,https://i.lifemoon.ru/obs/pisc/25048.jpg
otkrytki-s-dnem-rozhdeniya-s-putinym,Открытки с Днем Рождения с Путиным,40,https://i.lifemoon.ru/obs/pisc/25148.jpg
otkrytki-na-den-rozhdeniya-s-dengami,Открытки на День Рождения с деньгами,40,https://i.lifemoon.ru/obs/pisc/25188.jpg
prikolnye-otkrytki-muzhchine-s-pivom-s-dnem-rozhdeniya,Прикольные открытки мужчине с пивом с Днем Рождения,40,https://i.lifemoon.ru/obs/pisc/25228.jpg
otkrytki-s-dnem-rozhdeniya-s-sobakami,Открытки с Днем Рождения с собаками,50,https://i.lifemoon.ru/obs/pisc/25268.jpg
otkrytki-s-dnem-rozhdeniya-s-kotami-kotikami-kotyatami,"Открытки с Днем Рождения с котами, котиками, котятами",50,https://i.lifemoon.ru/obs/pisc/25318.jpg
otkrytki-s-utrom-novogo-goda-s-nachalom-yanvarya,"Открытки с утром нового года, с началом января",50,https://i.lifemoon.ru/obs/pisc/25368.jpg
otkrytki-s-novym-godom,Открытки с Новым годом,150,https://i.lifemoon.ru/obs/pisc/25418.jpg
krasivye-otkrytki-i-kartinki-s-novym-godom,Красивые открытки и картинки с Новым годом,50,https://i.lifemoon.ru/obs/pisc/25568.jpg
otkrytki-horoshego-novogo-goda,Открытки хорошего Нового года,50,https://i.lifemoon.ru/obs/pisc/25618.jpg
otkrytki-s-novym-godom-i-rozhdestvom,Открытки с Новым годом и Рождеством,50,https://i.lifemoon.ru/obs/pisc/25668.jpg
otkrytki-s-nastupayuschim-novym-godom,Открытки с наступающим Новым годом,100,https://i.lifemoon.ru/obs/pisc/25718.jpg
krasivye-otkrytki-s-nastupayuschim-novym-godom,Красивые открытки с наступающим Новым годом,50,https://i.lifemoon.ru/obs/pisc/25818.jpg
sovetskie-otkrytki-s-novym-godom,Советские открытки с Новым годом,50,https://i.lifemoon.ru/obs/pisc/25868.jpg
novogodnie-risunki-dlya-srisovki-raskraski-dlya-detei,"Новогодние рисунки для срисовки, раскраски для детей",50,https://i.lifemoon.ru/obs/pisc/26017.jpg
otkrytki-na-vsemirnyi-den-mira,Открытки на Всемирный день мира,7,https://i.lifemoon.ru/obs/pisc/26067.jpg
otkrytki-na-den-rozhdeniya-russkoi-matreshki,Открытки на День Рождения Русской Матрёшки,10,https://i.lifemoon.ru/obs/pisc/26074.jpg
otkrytki-s-dnem-angela-anastasii,Открытки с Днем ангела Анастасии,80,https://i.lifemoon.ru/obs/pisc/26084.jpg
otkrytki-na-rozhdestvenskii-sochelnik,Открытки на Рождественский сочельник,10,https://i.lifemoon.ru/obs/pisc/26164.jpg
otkrytki-s-rozhdestvom-hristovym,Открытки с Рождеством Христовым,168,https://i.lifemoon.ru/obs/pisc/26174.jpg
pravoslavnye-otkrytki-s-rozhdestvom-hristovym,Православные открытки с Рождеством Христовым,50,https://i.lifemoon.ru/obs/pisc/26342.jpg
otkrytki-s-nastupayuschim-rozhdestvom-hristovym,Открытки с наступающим Рождеством Христовым,49,https://i.lifemoon.ru/obs/pisc/26392.jpg
otkrytki-na-prazdnik-svyatki,Открытки на праздник Святки,6,https://i.lifemoon.ru/obs/pisc/26466.jpg
otkrytki-na-sobor-presvyatoi-bogoroditsy,Открытки на Собор Пресвятой Богородицы,11,https://i.lifemoon.ru/obs/pisc/26472.jpg
otkrytki-s-dnem-angela-niny,Открытки с Днем ангела Нины,50,https://i.lifemoon.ru/obs/pisc/27882.jpg
otkrytki-na-den-snyatiya-blokady-leningrada,Открытки на День снятия блокады Ленинграда,12,https://i.lifemoon.ru/obs/pisc/27932.jpg
otkrytki-s-dnem-moroza-i-snegurochki,Открытки с Днем Мороза и Снегурочки,10,https://i.lifemoon.ru/obs/pisc/27944.jpg
otkrytki-s-dnem-rozhdeniya-russkoi-vodki,Открытки с Днем рождения русской водки,10,https://i.lifemoon.ru/obs/pisc/27954.jpg
otkrytki-s-dnem-yuvelira,Открытки с Днем ювелира,10,https://i.lifemoon.ru/obs/pisc/27964.jpg
otkrytki-s-pervym-dnem-vesny,Открытки с Первым днем весны,150,https://i.lifemoon.ru/obs/pisc/27974.jpg
krasivye-otkrytki-i-kartinki-s-pervym-dnem-vesny,Красивые открытки и картинки с Первым днем весны,50,https://i.lifemoon.ru/obs/pisc/28124.jpg
otkrytki-s-dnem-koshek-v-rossii,Открытки с Днем кошек в России,20,https://i.lifemoon.ru/obs/pisc/28174.jpg
otkrytki-s-dnem-piva,Открытки с Днем пива,10,https://i.lifemoon.ru/obs/pisc/28194.jpg
otkrytki-s-dnem-komplimenta,Открытки с Днем комплимента,10,https://i.lifemoon.ru/obs/pisc/28204.jpg
otkrytki-s-dnem-pisatelya,Открытки с Днем писателя,10,https://i.lifemoon.ru/obs/pisc/28214.jpg
otkrytki-s-8-marta,Открытки с 8 марта,100,https://i.lifemoon.ru/obs/pisc/28224.jpg
otkrytki-s-nastupayuschim-8-marta,Открытки с наступающим 8 марта,50,https://i.lifemoon.ru/obs/pisc/28274.jpg
prikolnye-otkrytki-s-8-marta,Прикольные открытки с 8 марта,50,https://i.lifemoon.ru/obs/pisc/28374.jpg
otkrytki-zhenschinam-na-8-marta,Открытки женщинам на 8 марта,100,https://i.lifemoon.ru/obs/pisc/28424.jpg
otkrytki-mame-s-8-marta,Открытки маме с 8 марта,50,https://i.lifemoon.ru/obs/pisc/28524.jpg
otkrytki-s-tsvetami-na-8-marta,Открытки с цветами на 8 марта,50,https://i.lifemoon.ru/obs/pisc/28574.jpg
otkrytki-s-dnem-geodezii-i-kartografii,Открытки с Днем геодезии и картографии,10,https://i.lifemoon.ru/obs/pisc/29187.jpg
otkrytki-s-dnem-rabotnikov-bytovogo-obsluzhivaniya-naseleniya-i-zhilischno-kommunalnogo-hozyaistva,Открытки с Днем работников бытового обслуживания населения и жилищно-коммунального хозяйства,10,https://i.lifemoon.ru/obs/pisc/29197.jpg
otkrytki-s-nachalom-maya,Открытки с Началом мая,30,https://i.lifemoon.ru/obs/pisc/29207.jpg
otkrytki-s-1-maya-dnem-vesny-i-truda,"Открытки с 1 мая, Днем весны и труда",100,https://i.lifemoon.ru/obs/pisc/29237.jpg
otkrytki-s-1-maya,Открытки с 1 мая,50,https://i.lifemoon.ru/obs/pisc/29337.jpg
prikolnye-otkrytki-na-1-maya,Прикольные открытки на 1 мая,50,https://i.lifemoon.ru/obs/pisc/29387.jpg
otkrytki-s-maiskimi-prazdnikami,Открытки с майскими праздниками,50,https://i.lifemoon.ru/obs/pisc/29437.jpg
otkrytki-s-nastupayuschim-1-maya,Открытки с наступающим 1 мая,50,https://i.lifemoon.ru/obs/pisc/29487.jpg
sovetskie-otkrytki-s-1-maya,Советские открытки с 1 мая,50,https://i.lifemoon.ru/obs/pisc/29537.jpg
otkrytki-s-dnem-solntsa,Открытки с Днем солнца,10,https://i.lifemoon.ru/obs/pisc/29587.jpg
otkrytki-s-dnem-akusherki,Открытки с Днем акушерки,10,https://i.lifemoon.ru/obs/pisc/29597.jpg
otkrytki-s-dnem-vodolaza,Открытки с Днем водолаза,10,https://i.lifemoon.ru/obs/pisc/29607.jpg
otkrytki-s-dnem-shifrovalschika,Открытки с Днем шифровальщика,10,https://i.lifemoon.ru/obs/pisc/29617.jpg
otkrytki-s-dnem-angela-georgiya,Открытки с Днем ангела Георгия,30,https://i.lifemoon.ru/obs/pisc/29627.jpg
otkrytki-s-dnem-radio,Открытки с Днем радио,10,https://i.lifemoon.ru/obs/pisc/29657.jpg
otkrytki-s-dnem-pobedy,Открытки с Днем Победы,100,https://i.lifemoon.ru/obs/pisc/29667.jpg
otkrytki-veteranam-s-dnem-pobedy,Открытки ветеранам с Днем Победы,50,https://i.lifemoon.ru/obs/pisc/29767.jpg
sovetskie-otkrytki-s-dnem-pobedy,Советские открытки с Днем Победы,50,https://i.lifemoon.ru/obs/pisc/29817.jpg
otkrytki-s-dnem-voennogo-avtomobilista,Открытки с Днем военного автомобилиста,10,https://i.lifemoon.ru/obs/pisc/30741.jpg
otkrytki-s-vsemirnym-dnem-bez-tabaka,Открытки с Всемирным днем без табака,10,https://i.lifemoon.ru/obs/pisc/30751.jpg
otkrytki-s-dnem-blondinki,Открытки с Днем блондинки,50,https://i.lifemoon.ru/obs/pisc/30761.jpg
otkrytki-s-dnem-advokata,Открытки с Днем адвоката,10,https://i.lifemoon.ru/obs/pisc/30811.jpg
otkrytki-s-poslednim-dnem-vesny,Открытки с Последним днем весны,40,https://i.lifemoon.ru/obs/pisc/30821.jpg
otkrytki-s-dnem-himika,Открытки с Днем химика,50,https://i.lifemoon.ru/obs/pisc/30861.jpg
otkrytki-s-dnem-svarschika,Открытки с Днем сварщика,10,https://i.lifemoon.ru/obs/pisc/30912.jpg
otkrytki-na-svyatuyu-troitsu,Открытки на Святую Троицу,50,https://i.lifemoon.ru/obs/pisc/30922.jpg
otkrytki-na-troitsu,Открытки на Троицу,100,https://i.lifemoon.ru/obs/pisc/30972.jpg
krasivye-otkrytki-i-kartinki-na-troitsu,Красивые открытки и картинки на Троицу,50,https://i.lifemoon.ru/obs/pisc/31072.jpg
otkrytki-s-nachalom-iyulya,Открытки с началом июля,50,https://i.lifemoon.ru/obs/pisc/31122.jpg
otkrytki-s-dnem-veteranov-boevyh-deistvii,Открытки с Днем ветеранов боевых действий,10,https://i.lifemoon.ru/obs/pisc/31172.jpg
otkrytki-s-dnem-sportivnogo-zhurnalista,Открытки с Днем спортивного журналиста,10,https://i.lifemoon.ru/obs/pisc/31182.jpg
otkrytki-s-dnem-rabotnikov-gibdd,Открытки с Днем работников ГИБДД,50,https://i.lifemoon.ru/obs/pisc/31192.jpg
otkrytki-s-dnem-angela-eleny,Открытки с Днем ангела Елены,70,https://i.lifemoon.ru/obs/pisc/31242.jpg
otkrytki-s-dnem-nezavisimosti-belarusi,Открытки с Днем независимости Беларуси,10,https://i.lifemoon.ru/obs/pisc/31312.jpg
otkrytki-s-vsemirnym-dnem-potseluya,Открытки с всемирным днем поцелуя,50,https://i.lifemoon.ru/obs/pisc/31322.jpg
otkrytki-s-dnem-potseluya,Открытки с Днем поцелуя,100,https://i.lifemoon.ru/obs/pisc/31372.jpg
otkrytki-s-dnem-ivan-kupala,Открытки с Днем Иван Купала,50,https://i.lifemoon.ru/obs/pisc/31472.jpg
otkrytki-s-dnem-angela-ivana,Открытки с Днем ангела Ивана,50,https://i.lifemoon.ru/obs/pisc/31522.jpg
otkrytki-s-dnem-lyubvi-semi-vernosti,Открытки с днем любви семьи верности,50,https://i.lifemoon.ru/obs/pisc/31572.jpg
otkrytki-s-dnem-semi-lyubvi-vernosti,Открытки с Днем семьи любви верности,100,https://i.lifemoon.ru/obs/pisc/31622.jpg
hristianskie-otkrytki-s-dnem-semi-lyubvi-i-vernosti,Христианские открытки с Днем семьи любви и верности,50,https://i.lifemoon.ru/obs/pisc/31722.jpg
otkrytki-zhenschine-s-dnem-semi,Открытки женщине с Днем семьи,50,https://i.lifemoon.ru/obs/pisc/31772.jpg
otkrytki-muzhchine-s-dnem-semi,Открытки мужчине с Днем семьи,50,https://i.lifemoon.ru/obs/pisc/31822.jpg
otkrytki-s-dnem-shokolada,Открытки с Днем шоколада,50,https://i.lifemoon.ru/obs/pisc/31872.jpg
otkrytki-s-dnem-fotografa,Открытки с Днем фотографа,10,https://i.lifemoon.ru/obs/pisc/31922.jpg
otkrytki-s-dnem-bortprovodnika,Открытки с Днем бортпроводника,25,https://i.lifemoon.ru/obs/pisc/31932.jpg
otkrytki-s-dnem-petra-i-pavla,Открытки с Днем Петра и Павла,10,https://i.lifemoon.ru/obs/pisc/31957.jpg
otkrytki-s-dnem-morskoi-aviatsii,Открытки с Днем морской авиации,10,https://i.lifemoon.ru/obs/pisc/31977.jpg
otkrytki-s-dnem-zelenyh-glaz,Открытки с Днем зеленых глаз,7,https://i.lifemoon.ru/obs/pisc/31987.jpg
otkrytki-s-dnem-golubyh-glaz,Открытки с Днем голубых глаз,7,https://i.lifemoon.ru/obs/pisc/31994.jpg
otkrytki-s-dnem-torta,Открытки с Днем торта,10,https://i.lifemoon.ru/obs/pisc/32001.jpg
otkrytki-s-dnem-shahmat,Открытки с Днем шахмат,10,https://i.lifemoon.ru/obs/pisc/32011.jpg
otkrytki-s-dnem-kitov-i-delfinov,Открытки с Днем китов и дельфинов,10,https://i.lifemoon.ru/obs/pisc/32021.jpg
otkrytki-s-dnem-kofe,Открытки с Днем кофе,10,https://i.lifemoon.ru/obs/pisc/32031.jpg
otkrytki-s-dnem-angela-olgi,Открытки с Днем ангела Ольги,50,https://i.lifemoon.ru/obs/pisc/32041.jpg
otkrytki-s-dnem-parashyutista,Открытки с Днем парашютиста,10,https://i.lifemoon.ru/obs/pisc/32091.jpg
otkrytki-s-dnem-piarschika,Открытки с Днем пиарщика,10,https://i.lifemoon.ru/obs/pisc/32101.jpg
otkrytki-s-dnem-krescheniya-rusi,Открытки с Днем Крещения Руси,10,https://i.lifemoon.ru/obs/pisc/32111.jpg
otkrytki-s-dnem-angela-yulii,Открытки с Днем ангела Юлии,50,https://i.lifemoon.ru/obs/pisc/32121.jpg
otkrytki-s-dnem-ekonomista,Открытки с Днем экономиста,35,https://i.lifemoon.ru/obs/pisc/32171.jpg
otkrytki-s-dnem-rabotnikov-morskogo-i-rechnogo-flota,Открытки с Днем работников морского и речного флота,40,https://i.lifemoon.ru/obs/pisc/32206.jpg
otkrytki-s-dnem-rabotnikov-pochty,Открытки с Днем работников почты,40,https://i.lifemoon.ru/obs/pisc/32246.jpg
otkrytki-s-dnem-rybaka-i-rybolovstva,Открытки с Днем рыбака и рыболовства,50,https://i.lifemoon.ru/obs/pisc/32286.jpg
otkrytki-s-dnem-rybaka,Открытки с Днем рыбака,50,https://i.lifemoon.ru/obs/pisc/32336.jpg
prikolnye-otkrytki-s-dnem-rybaka,Прикольные открытки с Днем рыбака,50,https://i.lifemoon.ru/obs/pisc/32386.jpg
otkrytki-s-dnem-metallurga,Открытки с Днем металлурга,70,https://i.lifemoon.ru/obs/pisc/32436.jpg
otkrytki-s-dnem-rabotnika-torgovli,Открытки с Днем работника торговли,100,https://i.lifemoon.ru/obs/pisc/32506.jpg
otkrytki-s-dnem-voenno-morskogo-flota,Открытки с Днем военно-морского флота,50,https://i.lifemoon.ru/obs/pisc/32606.jpg
otkrytki-s-dnem-vmf,Открытки с Днем ВМФ,100,https://i.lifemoon.ru/obs/pisc/32656.jpg
otkrytki-s-dnem-sistemnogo-administratora,Открытки с Днем системного администратора,30,https://i.lifemoon.ru/obs/pisc/32756.jpg
otkrytki-s-nachalom-ramadana,Открытки с началом Рамадана,10,https://i.lifemoon.ru/obs/pisc/32786.jpg
otkrytki-s-dnem-znanii,Открытки с днем знаний,50,https://i.lifemoon.ru/obs/pisc/32796.jpg
besplatnye-otkrytki-s-1-sentyabrya,Бесплатные открытки с 1 сентября,50,https://i.lifemoon.ru/obs/pisc/32846.jpg
otkrytki-s-1-sentyabrya,Открытки с 1 сентября,50,https://i.lifemoon.ru/obs/pisc/32896.jpg
otkrytki-s-nastupayuschim-1-sentyabrya,Открытки с наступающим 1 сентября,40,https://i.lifemoon.ru/obs/pisc/32946.jpg
otkrytki-pervoklassniku-s-1-sentyabrya,Открытки первокласснику с 1 сентября,40,https://i.lifemoon.ru/obs/pisc/32986.jpg
otkrytki-uchitelyu-s-1-sentyabrya,Открытки учителю с 1 сентября,40,https://i.lifemoon.ru/obs/pisc/33026.jpg
otkrytki-s-pervym-dnem-oseni,Открытки с первым днем осени,50,https://i.lifemoon.ru/obs/pisc/33066.jpg
otkrytki-s-nachalom-oseni,Открытки с началом осени,100,https://i.lifemoon.ru/obs/pisc/33116.jpg
osennie-krasivye-otkrytki,Осенние красивые открытки,50,https://i.lifemoon.ru/obs/pisc/33216.jpg
otkrytki-s-nachalom-oseni-pervym-osennim-dnem,"Открытки с началом осени, первым осенним днем",50,https://i.lifemoon.ru/obs/pisc/33266.jpg
otkrytki-s-dnem-rossiiskoi-gvardii,Открытки с днем российской гвардии,6,https://i.lifemoon.ru/obs/pisc/33316.jpg
otkrytki-s-dnem-finansista,Открытки с днем финансиста,50,https://i.lifemoon.ru/obs/pisc/33322.jpg
otkrytki-natale-s-dnem-angela,Открытки Наталье с днем ангела,50,https://i.lifemoon.ru/obs/pisc/33372.jpg
otkrytki-s-vsemirnym-dnem-krasoty,Открытки с всемирным днем красоты,30,https://i.lifemoon.ru/obs/pisc/33422.jpg
otkrytki-s-dnem-parikmahera,Открытки с Днем парикмахера,50,https://i.lifemoon.ru/obs/pisc/33452.jpg
otkrytki-s-babim-letom,Открытки с Бабьим летом,20,https://i.lifemoon.ru/obs/pisc/33502.jpg
otkrytki-s-dnem-rozhdeniya-smailika,Открытки с днем рождения Смайлика,10,https://i.lifemoon.ru/obs/pisc/33522.jpg
otkrytki-s-dnem-osennego-ravnodenstviya,Открытки с днем осеннего равноденствия,10,https://i.lifemoon.ru/obs/pisc/33552.jpg
otkrytki-s-dnem-dnya-bez-avtomobilya,Открытки с днем дня без автомобиля,10,https://i.lifemoon.ru/obs/pisc/33562.jpg
otkrytki-s-vsemirnym-dnem-morya,Открытки с всемирным днем моря,10,https://i.lifemoon.ru/obs/pisc/33572.jpg
otkrytki-s-dnem-vospitatelya,Открытки с днем воспитателя,150,https://i.lifemoon.ru/obs/pisc/33582.jpg
otkrytki-s-dnem-turizma,Открытки с днем туризма,10,https://i.lifemoon.ru/obs/pisc/33732.jpg
otkrytki-na-vozdvizhenie-kresta-gospodnya,Открытки на Воздвижение креста Господня,15,https://i.lifemoon.ru/obs/pisc/33742.jpg
otkrytki-s-dnem-generalnogo-direktora,Открытки с днем генерального директора,10,https://i.lifemoon.ru/obs/pisc/33757.jpg
otkrytki-s-dnem-angela-lyudmily,Открытки с днем ангела Людмилы,60,https://i.lifemoon.ru/obs/pisc/33767.jpg
otkrytki-s-dnem-interneta,Открытки с днем Интернета,10,https://i.lifemoon.ru/obs/pisc/33827.jpg
otkrytki-s-dnem-very-nadezhdy-lyubvi,"Открытки с Днем Веры, Надежды, Любви",100,https://i.lifemoon.ru/obs/pisc/33837.jpg
pravoslavnye-otkrytki-s-dnem-very-nadezhdy-lyubvi,Православные открытки с днем Веры Надежды Любви,35,https://i.lifemoon.ru/obs/pisc/33937.jpg
otkrytki-vere-s-dnem-angela,Открытки Вере с днем ангела,50,https://i.lifemoon.ru/obs/pisc/33972.jpg
otkrytki-nadezhde-s-dnem-angela,Открытки Надежде с днем ангела,50,https://i.lifemoon.ru/obs/pisc/34022.jpg
otkrytki-lyube-s-dnem-angela,Открытки Любе с днем ангела,50,https://i.lifemoon.ru/obs/pisc/34072.jpg
otkrytki-sofii-s-dnem-angela,Открытки Софии с днем ангела,50,https://i.lifemoon.ru/obs/pisc/34122.jpg
otkrytki-s-dnem-neftyanika,Открытки с Днем нефтяника,50,https://i.lifemoon.ru/obs/pisc/34172.jpg
otkrytki-s-dnem-goroda-moskvy,Открытки с днем города Москвы,10,https://i.lifemoon.ru/obs/pisc/34222.jpg
otkrytki-s-dnem-tankista,Открытки с днем танкиста,100,https://i.lifemoon.ru/obs/pisc/34232.jpg
otkrytki-s-dnem-sekretarya,Открытки с днем секретаря,40,https://i.lifemoon.ru/obs/pisc/34332.jpg
otkrytki-s-dnem-mashinostroitelya,Открытки с днем машиностроителя,35,https://i.lifemoon.ru/obs/pisc/34372.jpg
otkrytki-na-kurban-bairam,Открытки на Курбан Байрам,50,https://i.lifemoon.ru/obs/pisc/34407.jpg
otkrytki-s-vsemirnym-dnem-serdtsa,Открытки с всемирным днем сердца,10,https://i.lifemoon.ru/obs/pisc/34457.jpg
otkrytki-s-nachalom-noyabrya,Открытки с Началом ноября,50,https://i.lifemoon.ru/obs/pisc/34467.jpg
otkrytki-s-dnem-menedzhera,Открытки с Днем менеджера,20,https://i.lifemoon.ru/obs/pisc/34517.jpg
otkrytki-s-dnem-vegana,Открытки с Днем вегана,10,https://i.lifemoon.ru/obs/pisc/34537.jpg
otkrytki-s-dnem-sudebnogo-pristava,Открытки с Днем судебного пристава,10,https://i.lifemoon.ru/obs/pisc/34547.jpg
otkrytki-s-dnem-narodnogo-edinstva,Открытки с Днем народного единства,50,https://i.lifemoon.ru/obs/pisc/34557.jpg
otkrytki-s-dnem-kazanski-ikony-bozhiei-materi,Открытки с днем Казанскй иконы Божией Матери,50,https://i.lifemoon.ru/obs/pisc/34607.jpg
otkrytki-s-dnem-voennogo-razvedchika,Открытки с Днем военного разведчика,10,https://i.lifemoon.ru/obs/pisc/34657.jpg
otkrytki-s-dnem-soglasiya-i-primireniya,Открытки с Днем согласия и примирения,10,https://i.lifemoon.ru/obs/pisc/34667.jpg
otkrytki-s-dnem-oktyabrskoi-revolyutsii,Открытки с Днем Октябрьской революции,10,https://i.lifemoon.ru/obs/pisc/34677.jpg
otkrytki-s-dnem-kvn,Открытки с Днем КВН,10,https://i.lifemoon.ru/obs/pisc/34687.jpg
otkrytki-s-dnem-angela-dmitriya,Открытки с Днем ангела Дмитрия,45,https://i.lifemoon.ru/obs/pisc/34697.jpg
otkrytki-s-dnem-politsii,Открытки с Днем полиции,150,https://i.lifemoon.ru/obs/pisc/34742.jpg
otkrytki-s-vsemirnym-dnem-molodezhi,Открытки с всемирным днем молодежи,10,https://i.lifemoon.ru/obs/pisc/34892.jpg
otkrytki-s-vsemirnym-dnem-nauki,Открытки с всемирным днем науки,10,https://i.lifemoon.ru/obs/pisc/34902.jpg
otkrytki-s-dnem-rabotnikov-sberbanka,Открытки с Днем работников Сбербанка,20,https://i.lifemoon.ru/obs/pisc/34912.jpg
otkrytki-s-dnem-dobroty,Открытки с Днем доброты,17,https://i.lifemoon.ru/obs/pisc/34932.jpg
otkrytki-s-dnem-logopeda,Открытки с Днем логопеда,35,https://i.lifemoon.ru/obs/pisc/34949.jpg
otkrytki-s-dnem-sotsiologa,Открытки с Днем социолога,10,https://i.lifemoon.ru/obs/pisc/34984.jpg
otkrytki-s-dnem-prizyvnika,Открытки с Днем призывника,10,https://i.lifemoon.ru/obs/pisc/34994.jpg
otkrytki-s-dnem-proektirovschika,Открытки с Днем проектировщика,30,https://i.lifemoon.ru/obs/pisc/35004.jpg
otkrytki-s-dnem-uchastkovogo-politseiskogo,"Открытки с Днем участкового полицейского,",30,https://i.lifemoon.ru/obs/pisc/35034.jpg
otkrytki-s-mezhdunarodnym-dnem-studentov,Открытки с международным днем студентов,30,https://i.lifemoon.ru/obs/pisc/35064.jpg
otkrytki-s-dnem-rozhdeniya-deda-moroza,Открытки с днем рождения Деда Мороза,20,https://i.lifemoon.ru/obs/pisc/35094.jpg
otkrytki-s-dnem-stekolschika,Открытки с Днем стекольщика,10,https://i.lifemoon.ru/obs/pisc/35114.jpg
otkrytki-s-dnem-raketnyh-voisk-i-artillerii,Открытки с Днем ракетных войск и артиллерии,50,https://i.lifemoon.ru/obs/pisc/35124.jpg
otkrytki-s-dnem-rebenka,Открытки с Днем ребенка,20,https://i.lifemoon.ru/obs/pisc/35174.jpg
otkrytki-s-dnem-nalogovoi-sluzhby,Открытки с Днем налоговой службы,35,https://i.lifemoon.ru/obs/pisc/35194.jpg
otkrytki-s-dnem-privetstvii,Открытки с Днем приветствий,15,https://i.lifemoon.ru/obs/pisc/35229.jpg
otkrytki-s-dnem-televideniya,Открытки с Днем телевидения,10,https://i.lifemoon.ru/obs/pisc/35244.jpg
otkrytki-s-dnem-buhgaltera,Открытки с Днем бухгалтера,150,https://i.lifemoon.ru/obs/pisc/35254.jpg
otkrytki-s-dnem-synovei,Открытки с Днем сыновей,50,https://i.lifemoon.ru/obs/pisc/35404.jpg
otkrytki-s-dnem-psihologa,Открытки с Днем психолога,20,https://i.lifemoon.ru/obs/pisc/35454.jpg
otkrytki-s-dnem-informatsii,Открытки с Днем информации,10,https://i.lifemoon.ru/obs/pisc/35474.jpg
otkrytki-s-dnem-morskoi-pehoty,Открытки с Днем морской пехоты,50,https://i.lifemoon.ru/obs/pisc/35484.jpg
otkrytki-s-dnem-otsenschika,Открытки с Днем оценщика,30,https://i.lifemoon.ru/obs/pisc/35534.jpg
otkrytki-s-nachalom-rozhdestvenskogo-posta,Открытки с началом рождественского поста,10,https://i.lifemoon.ru/obs/pisc/35564.jpg
otkrytki-s-dnem-domashnih-zhivotnyh,Открытки с Днем домашних животных,10,https://i.lifemoon.ru/obs/pisc/35574.jpg
otkrytki-s-poslednim-dnem-oseni,Открытки с Последним днем осени,15,https://i.lifemoon.ru/obs/pisc/35584.jpg
otkrytki-s-vsemirnym-dnem-seksa,Открытки с всемирным днем секса,20,https://i.lifemoon.ru/obs/pisc/35599.jpg
otkrytki-s-vsemirnym-dnem-muzhchin,Открытки с Всемирным днем мужчин,50,https://i.lifemoon.ru/obs/pisc/35619.jpg
otkrytki-s-dnem-kachestva,Открытки с Днем качества,7,https://i.lifemoon.ru/obs/pisc/35669.jpg
otkrytki-s-dnem-filosofii,Открытки с Днем философии,10,https://i.lifemoon.ru/obs/pisc/35676.jpg
otkrytki-s-dnem-otkaza-ot-kureniya,Открытки с Днем отказа от курения,10,https://i.lifemoon.ru/obs/pisc/35686.jpg
otkrytki-na-dimitrievskuyu-roditelskuyu-subbotu,Открытки на Димитриевскую родительскую субботу,10,https://i.lifemoon.ru/obs/pisc/35696.jpg
otkrytki-s-dnem-materi,Открытки с Днем матери,150,https://i.lifemoon.ru/obs/pisc/35706.jpg
samye-krasivye-otkrytki-i-kartinki-s-dnem-materi,Самые красивые открытки и картинки с Днем матери,100,https://i.lifemoon.ru/obs/pisc/35856.jpg
otkrytki-s-ikonoi-s-dnem-materi,Открытки с иконой с Днем матери,50,https://i.lifemoon.ru/obs/pisc/35956.jpg
otkrytki-s-nachalom-fevralya,Открытки с Началом февраля,50,https://i.lifemoon.ru/obs/pisc/36006.jpg
otkrytki-s-dnem-angela-inny,Открытки с Днем ангела Инны,30,https://i.lifemoon.ru/obs/pisc/36056.jpg
otkrytki-s-dnem-surka,Открытки с Днем сурка,10,https://i.lifemoon.ru/obs/pisc/36086.jpg
otkrytki-s-dnem-pobedy-v-stalingradskoi-bitve,Открытки с Днем победы в Сталинградской битве,10,https://i.lifemoon.ru/obs/pisc/36096.jpg
otkrytki-prosti-menya-na-proschenoe-voskresene,Открытки прости меня на Прощеное Воскресенье,50,https://i.lifemoon.ru/obs/pisc/37646.jpg
otkrytki-s-nachalom-aprelya,Открытки с Началом апреля,50,https://i.lifemoon.ru/obs/pisc/37746.jpg
otkrytki-s-1-aprelya-dnem-smeha,"Открытки с 1 апреля, Днем смеха",50,https://i.lifemoon.ru/obs/pisc/37796.jpg
otkrytki-s-1-aprelya,Открытки с 1 апреля,100,https://i.lifemoon.ru/obs/pisc/37846.jpg
prikolnye-otkrytki-na-1-aprelya,Прикольные открытки на 1 апреля,109,https://i.lifemoon.ru/obs/pisc/37946.jpg
otkrytki-s-nastupayuschim-1-aprelya-dnem-smeha,"Открытки с наступающим 1 апреля, Днем смеха",50,https://i.lifemoon.ru/obs/pisc/38055.jpg
otkrytki-s-dnem-angela-svetlany,Открытки с Днем ангела Светланы,80,https://i.lifemoon.ru/obs/pisc/38105.jpg
otkrytki-s-dnem-sledovatelya,Открытки с Днем следователя,10,https://i.lifemoon.ru/obs/pisc/38185.jpg
otkrytki-s-blagovescheniem-presvyatoi-bogoroditsy,Открытки с Благовещением Пресвятой Богородицы,150,https://i.lifemoon.ru/obs/pisc/38195.jpg
otkrytki-s-vsemirnym-dnem-zdorovya,Открытки с Всемирным днем здоровья,10,https://i.lifemoon.ru/obs/pisc/38345.jpg
otkrytki-s-dnem-rozhdeniya-runeta,Открытки с Днем рождения Рунета,10,https://i.lifemoon.ru/obs/pisc/38355.jpg
otkrytki-s-dnem-angela-ally,Открытки с Днем ангела Аллы,60,https://i.lifemoon.ru/obs/pisc/38365.jpg
otkrytki-s-dnem-imenin-larisy-s-dnem-angela,"Открытки с днем именин Ларисы, с днем ангела",60,https://i.lifemoon.ru/obs/pisc/38425.jpg
otkrytki-s-dnem-tsygan,Открытки с Днем цыган,10,https://i.lifemoon.ru/obs/pisc/38485.jpg
otkrytki-s-dnem-bratev-i-sester,Открытки с Днем братьев и сестер,50,https://i.lifemoon.ru/obs/pisc/38495.jpg
otkrytki-s-dnem-aviatsii-i-kosmonavtiki,Открытки с днем авиации и космонавтики,100,https://i.lifemoon.ru/obs/pisc/38545.jpg
otkrytki-s-dnem-podsnezhnika,Открытки с Днем подснежника,10,https://i.lifemoon.ru/obs/pisc/38645.jpg
otkrytki-s-dnem-zemli,Открытки с Днем Земли,10,https://i.lifemoon.ru/obs/pisc/38655.jpg
otkrytki-s-dnem-solidarnosti-molodezhi,Открытки с Днем солидарности молодежи,10,https://i.lifemoon.ru/obs/pisc/38665.jpg
otkrytki-s-dnem-docheri,Открытки с Днем дочери,50,https://i.lifemoon.ru/obs/pisc/38675.jpg
otkrytki-s-dnem-notariusa,Открытки с Днем нотариуса,10,https://i.lifemoon.ru/obs/pisc/38725.jpg
otkrytki-s-dnem-ohrany-truda,Открытки с Днем охраны труда,10,https://i.lifemoon.ru/obs/pisc/38735.jpg
otkrytki-s-dnem-skoroi-pomoschi,Открытки с Днем скорой помощи,40,https://i.lifemoon.ru/obs/pisc/38745.jpg
otkrytki-s-vsemirnym-dnem-tantsa,Открытки с Всемирным днем танца,10,https://i.lifemoon.ru/obs/pisc/38785.jpg
otkrytki-s-dnem-pozharnoi-ohrany,Открытки с Днем пожарной охраны,50,https://i.lifemoon.ru/obs/pisc/38795.jpg
otkrytki-na-valpurgievu-noch,Открытки на Вальпургиеву ночь,10,https://i.lifemoon.ru/obs/pisc/38845.jpg
otkrytki-s-dnem-geologa,Открытки с Днем геолога,50,https://i.lifemoon.ru/obs/pisc/38855.jpg
otkrytki-s-dnem-pvo,Открытки с Днем ПВО,10,https://i.lifemoon.ru/obs/pisc/38905.jpg
otkrytki-s-verbnym-voskresenem,Открытки с Вербным Воскресеньем,150,https://i.lifemoon.ru/obs/pisc/38915.jpg
pozdravitelnye-otkrytki-s-verbnym-voskresenem,Поздравительные открытки с Вербным Воскресеньем,50,https://i.lifemoon.ru/obs/pisc/39065.jpg
pravoslavnye-otkrytki-na-verbnoe-voskresene,Православные открытки на Вербное Воскресенье,50,https://i.lifemoon.ru/obs/pisc/39115.jpg
otkrytki-s-nastupayuschim-verbnym-voskresenem,Открытки с наступающим Вербным Воскресеньем,50,https://i.lifemoon.ru/obs/pisc/39165.jpg
otkrytki-s-nachalom-strastnoi-nedeli,Открытки с началом Страстной недели,10,https://i.lifemoon.ru/obs/pisc/39244.jpg
otkrytki-s-chistym-chetvergom,Открытки с Чистым Четвергом,50,https://i.lifemoon.ru/obs/pisc/39254.jpg
otkrytki-na-chistyi-chetverg,Открытки на Чистый Четверг,100,https://i.lifemoon.ru/obs/pisc/39304.jpg
otkrytki-s-pashoi-hristovoi,Открытки с Пасхой Христовой,150,https://i.lifemoon.ru/obs/pisc/39419.jpg
krasivye-otkrytki-i-kartinki-s-pashoi,Красивые открытки и картинки с Пасхой,50,https://i.lifemoon.ru/obs/pisc/39569.jpg
pozdravitelnye-otkrytki-na-pashu,Поздравительные открытки на Пасху,50,https://i.lifemoon.ru/obs/pisc/39619.jpg
pravoslavnye-kartinki-na-pashu-hristovu,Православные картинки на Пасху Христову,120,https://i.lifemoon.ru/obs/pisc/39669.jpg
otkrytki-s-nastupayuschei-pashoi,Открытки с наступающей Пасхой,50,https://i.lifemoon.ru/obs/pisc/39789.jpg
otkrytki-na-radonitsu,Открытки на Радоницу,10,https://i.lifemoon.ru/obs/pisc/39859.jpg
otkrytki-s-dnem-zaschity-detei,Открытки с Днем защиты детей,50,https://i.lifemoon.ru/obs/pisc/39869.jpg
otkrytki-s-dnem-severnogo-flota,Открытки с Днем северного флота,10,https://i.lifemoon.ru/obs/pisc/39919.jpg
otkrytki-s-nachalom-leta,Открытки с Началом лета,50,https://i.lifemoon.ru/obs/pisc/39929.jpg
otkrytki-s-dnem-okruzhayuschei-sredy,Открытки с Днем окружающей среды,10,https://i.lifemoon.ru/obs/pisc/39979.jpg
otkrytki-s-dnem-russkogo-yazyka,Открытки с Днем русского языка,10,https://i.lifemoon.ru/obs/pisc/39989.jpg
otkrytki-s-dnem-sotsialnogo-rabotnika,Открытки с Днем социального работника,50,https://i.lifemoon.ru/obs/pisc/39999.jpg
otkrytki-s-dnem-druzei,Открытки с Днем друзей,100,https://i.lifemoon.ru/obs/pisc/40049.jpg
otkrytki-s-dnem-rossii,Открытки с Днем России,40,https://i.lifemoon.ru/obs/pisc/40149.jpg
otkrytki-s-dnem-kinologa,Открытки с Днем кинолога,10,https://i.lifemoon.ru/obs/pisc/40189.jpg
otkrytki-s-dnem-pamyati-i-skorbi,Открытки с Днем памяти и скорби,10,https://i.lifemoon.ru/obs/pisc/40199.jpg
otkrytki-s-dnem-molodezhi-rossii,Открытки с Днем молодежи России,50,https://i.lifemoon.ru/obs/pisc/40209.jpg
otkrytki-s-nachalom-kanikul,Открытки с Началом каникул,50,https://i.lifemoon.ru/obs/pisc/40274.jpg
otkrytki-s-nachalom-petrova-posta,Открытки с началом Петрова поста,10,https://i.lifemoon.ru/obs/pisc/40324.jpg
otkrytki-na-vypusknoi-v-shkole,Открытки на Выпускной в школе,45,https://i.lifemoon.ru/obs/pisc/40334.jpg
otkrytki-na-voznesenie-gospodne,Открытки на Вознесение Господне,100,https://i.lifemoon.ru/obs/pisc/40379.jpg
otkrytki-s-dnem-ottsa,Открытки с Днем отца,40,https://i.lifemoon.ru/obs/pisc/40479.jpg
otkrytki-s-dnem-medika,Открытки с Днем медика,200,https://i.lifemoon.ru/obs/pisc/40519.jpg
otkrytki-s-nastupayuschim-dnem-medika,Открытки с наступающим Днем медика,50,https://i.lifemoon.ru/obs/pisc/40719.jpg
otkrytki-s-nachalom-avgusta,Открытки с началом августа,50,https://i.lifemoon.ru/obs/pisc/40769.jpg
otkrytki-s-dnem-inkassatora,Открытки с Днем инкассатора,20,https://i.lifemoon.ru/obs/pisc/40819.jpg
otkrytki-s-dnem-tylovika,Открытки с Днем тыловика,10,https://i.lifemoon.ru/obs/pisc/40839.jpg
otkrytki-s-dnem-vdv,Открытки с Днем ВДВ,100,https://i.lifemoon.ru/obs/pisc/40849.jpg
otkrytki-na-ilin-den,Открытки на Ильин день,17,https://i.lifemoon.ru/obs/pisc/40949.jpg
otkrytki-s-dnem-borisa-i-gleba,Открытки с Днем Бориса и Глеба,10,https://i.lifemoon.ru/obs/pisc/40966.jpg
otkrytki-s-dnem-voenno-vozdushnyh-sil,Открытки с Днем военно-воздушных сил,50,https://i.lifemoon.ru/obs/pisc/40976.jpg
otkrytki-s-mezhdunarodnym-dnem-molodezhi,Открытки с Международным днем молодежи,15,https://i.lifemoon.ru/obs/pisc/41026.jpg
otkrytki-s-dnem-levshei,Открытки с Днем левшей,30,https://i.lifemoon.ru/obs/pisc/41041.jpg
otkrytki-s-medovym-spasom,Открытки с Медовым спасом,50,https://i.lifemoon.ru/obs/pisc/41071.jpg
otkrytki-na-medovyi-spas,Открытки на Медовый спас,50,https://i.lifemoon.ru/obs/pisc/41121.jpg
otkrytki-s-dnem-arheologa,Открытки с Днем археолога,10,https://i.lifemoon.ru/obs/pisc/41171.jpg
otkrytki-s-dnem-treidera,Открытки с Днем трейдера,10,https://i.lifemoon.ru/obs/pisc/41181.jpg
otkrytki-s-dnem-aviadispetchera,Открытки с днем авиадиспетчера,10,https://i.lifemoon.ru/obs/pisc/42776.jpg
otkrytki-s-dnem-rabotnikov-statistiki,Открытки с днем работников статистики,10,https://i.lifemoon.ru/obs/pisc/42786.jpg
otkrytki-s-dnem-rabotnikov-reklamy,Открытки с днем работников рекламы,10,https://i.lifemoon.ru/obs/pisc/42796.jpg
otkrytki-s-dnem-kabelnoi-promyshlennosti,Открытки с днем кабельной промышленности,10,https://i.lifemoon.ru/obs/pisc/42806.jpg
otkrytki-s-dnem-primorskogo-kraya,Открытки с днем Приморского края,5,https://i.lifemoon.ru/obs/pisc/42816.jpg
otkrytki-s-dnem-shkolnyh-bibliotek,Открытки с днем школьных библиотек,10,https://i.lifemoon.ru/obs/pisc/42821.jpg
otkrytki-s-dnem-babushek-i-dedushek,Открытки с Днем бабушек и дедушек,50,https://i.lifemoon.ru/obs/pisc/42831.jpg
otkrytki-s-dnem-armeiskoi-aviatsii,Открытки с днем армейской авиации,10,https://i.lifemoon.ru/obs/pisc/42881.jpg
otkrytki-s-dnem-vnevedomstvennoi-ohrany,Открытки с днем вневедомственной охраны,10,https://i.lifemoon.ru/obs/pisc/42898.jpg
otkrytki-s-dnem-inzhenera-mehanika,Открытки с днем инженера механика,10,https://i.lifemoon.ru/obs/pisc/42908.jpg
otkrytki-s-den-rozhdeniya-vmf,Открытки с день рождения ВМФ,10,https://i.lifemoon.ru/obs/pisc/42918.jpg
otkrytki-na-hellouin,Открытки на Хэллоуин,150,https://i.lifemoon.ru/obs/pisc/42928.jpg
otkrytki-s-pervym-snegom,Открытки с Первым снегом,35,https://i.lifemoon.ru/obs/pisc/43078.jpg
s-pervym-snegom,С первым снегом,35,https://i.lifemoon.ru/obs/pisc/43113.jpg
krasivye-otkrytki-i-kartinki-s-pervym-snegom,Красивые открытки и картинки с первым снегом,20,https://i.lifemoon.ru/obs/pisc/43148.jpg
otkrytki-s-dnem-arhitektora,Открытки с днем архитектора,25,https://i.lifemoon.ru/obs/pisc/43168.jpg
otkrytki-s-vsemirnym-dnem-vracha,Открытки с Всемирным днем врача,40,https://i.lifemoon.ru/obs/pisc/43193.jpg
otkrytki-s-dnem-ulybki,Открытки с Днем улыбки,50,https://i.lifemoon.ru/obs/pisc/43233.jpg
otkrytki-s-vsemirnym-dnem-yaitsa,Открытки с всемирным днем яйца,10,https://i.lifemoon.ru/obs/pisc/43283.jpg
otkrytki-s-dnem-rabotnikov-selskogo-hozyaistva,Открытки с днем работников сельского хозяйства,10,https://i.lifemoon.ru/obs/pisc/43293.jpg
otkrytki-s-dnem-rabotnikov-dorozhnogo-hozyaistva,Открытки с днем работников дорожного хозяйства,30,https://i.lifemoon.ru/obs/pisc/43303.jpg
otkrytki-s-dnem-pischevika,Открытки с днем пищевика,30,https://i.lifemoon.ru/obs/pisc/43333.jpg
otkrytki-s-dnem-avtomobilista,Открытки с днем автомобилиста,100,https://i.lifemoon.ru/obs/pisc/43363.jpg
skachat-otkrytki-s-dnem-avtomobilista,Скачать открытки с Днем автомобилиста,50,https://i.lifemoon.ru/obs/pisc/43463.jpg
otkrytki-s-pervym-dnem-zimy,Открытки с Первым днем зимы,150,https://i.lifemoon.ru/obs/pisc/43513.jpg
krasivye-otkrytki-i-kartinki-s-pervym-dnem-zimy,Красивые открытки и картинки с Первым днем зимы,50,https://i.lifemoon.ru/obs/pisc/43663.jpg
otkrytki-s-dnem-hokkeya,Открытки с Днем хоккея,30,https://i.lifemoon.ru/obs/pisc/43713.jpg
otkrytki-s-dnem-bankovskogo-rabotnika,Открытки с Днем банковского работника,50,https://i.lifemoon.ru/obs/pisc/43743.jpg
otkrytki-s-dnem-prav-cheloveka,Открытки с Днем прав человека,10,https://i.lifemoon.ru/obs/pisc/44114.jpg
otkrytki-s-dnem-konstitutsii-rossii,Открытки с Днем Конституции России,40,https://i.lifemoon.ru/obs/pisc/44124.jpg
otkrytki-s-dnem-angela-andreya,Открытки с Днем ангела Андрея,70,https://i.lifemoon.ru/obs/pisc/44164.jpg
otkrytki-s-vsemirnym-dnem-chaya,Открытки с Всемирным днем чая,10,https://i.lifemoon.ru/obs/pisc/44234.jpg
otkrytki-s-dnem-voisk-rvsn,Открытки с Днем войск РВСН,30,https://i.lifemoon.ru/obs/pisc/44244.jpg
otkrytki-s-dnem-feldegerya,Открытки с Днем фельдъегеря,7,https://i.lifemoon.ru/obs/pisc/44274.jpg
otkrytki-s-dnem-rabotnikov-zags,Открытки с Днем работников ЗАГС,25,https://i.lifemoon.ru/obs/pisc/44281.jpg
otkrytki-s-dnem-nikolaya-chudotvortsa,Открытки с Днем Николая Чудотворца,50,https://i.lifemoon.ru/obs/pisc/44306.jpg
otkrytki-s-dnem-svyatogo-nikolaya,Открытки с Днем святого Николая,100,https://i.lifemoon.ru/obs/pisc/44356.jpg
krasivye-otkrytki-i-kartinki-s-dnem-svyatogo-nikolaya,Красивые открытки и картинки с Днем святого Николая,50,https://i.lifemoon.ru/obs/pisc/44456.jpg
otkrytki-s-dnem-angela-nikolaya,Открытки с Днем ангела Николая,60,https://i.lifemoon.ru/obs/pisc/44506.jpg
otkrytki-s-dnem-fsb-rossii,Открытки с Днем ФСБ России,50,https://i.lifemoon.ru/obs/pisc/44566.jpg
otkrytki-s-dnem-energetika,Открытки с Днем энергетика,50,https://i.lifemoon.ru/obs/pisc/44616.jpg
otkrytki-s-dnem-angela-anny,Открытки с Днем ангела Анны,80,https://i.lifemoon.ru/obs/pisc/44666.jpg
otkrytki-s-dnem-dalnei-aviatsii,Открытки с Днем дальней авиации,20,https://i.lifemoon.ru/obs/pisc/44746.jpg
otkrytki-na-katolicheskoe-rozhdestvo,Открытки на Католическое Рождество,40,https://i.lifemoon.ru/obs/pisc/44766.jpg
otkrytki-s-dnem-spasatelya,Открытки с Днем спасателя,50,https://i.lifemoon.ru/obs/pisc/44806.jpg
otkrytki-s-vsemirnym-dnem-kino,Открытки с Всемирным днем кино,10,https://i.lifemoon.ru/obs/pisc/44856.jpg
otkrytki-s-dnem-setevika,Открытки с Днем сетевика,10,https://i.lifemoon.ru/obs/pisc/44866.jpg
otkrytki-s-dnem-rieltora,Открытки с Днем риэлтора,30,https://i.lifemoon.ru/obs/pisc/44876.jpg
otkrytki-na-hanuku,Открытки на Хануку,10,https://i.lifemoon.ru/obs/pisc/44906.jpg
